StartDate;EndDate;Status;Progress;Duration (in seconds);Finished;RecordedDate;ResponseId;DistributionChannel;UserLanguage;Q_RecaptchaScore;Q_RelevantIDDuplicate;Q_RelevantIDDuplicateScore;Q_RelevantIDFraudScore;Q_RelevantIDLastStartDate;Q3;Q4;Q5;Q6;Q8_1;Q8_2;Q9_1;Q9_2;Q9_3;Q9_4;Q9_5;Q9_6;Q9_7;Q11;Q10_1;Q10_2;Q10_3;Q10_4;Q10_5;Q19_1;Q19_2;Q19_3;Q19_4;Q19_5;Q19_6;Q19_7;Q19_8;Q19_9;Q19_10;Q19_11;Q19_12;Q23_1;Q23_2;Q23_3;Q23_4;Q23_5;Q23_6;Q23_7;Q23_8;Q23_9;Q23_10;Q23_11;Q23_12;Q27_1;Q27_2;Q27_3;Q27_4;Q27_5;Q27_6;Q27_7;Q27_8;Q27_9;Q26_1;Q26_2;Q26_3;Q26_4;Q26_5;Q26_6;Q26_7;Q26_8;Q26_9;Q15;Q13_1;Q13_2;Q13_3;Q13_4;Q13_5;Q13_6;Q13_7;opp;gc;term;Q_BallotBoxStuffing;Q_TotalDuration;expected_loi;expected_ir;expected_n;geo_IP;Q_CHL;rid;RISN;LS;transaction_id;SVID;PS;psid;K2;med;_k;entrySigCheck;DisplayOrder;V;tg;orderNumber
Start Date;End Date;Response Type;Progress;Duration (in seconds);Finished;Recorded Date;Response ID;Distribution Channel;User Language;Q_RecaptchaScore;Q_RelevantIDDuplicate;Q_RelevantIDDuplicateScore;Q_RelevantIDFraudScore;Q_RelevantIDLastStartDate;Kuinka vanha olet?;Sukupuolesi?;Missä sinä asut?;Mikä on korkein suorittamasi kouluaste tai tutkinto?;Kuinka tyytyväinen olet demokratian toimivuuteen? Arvioi demokratian toimivuutta asteikolla nollasta kymmeneen, missä 0 on ”en ollenkaan tyytyväinen” ja 10 ”erittäin tyytyväinen”. - Kuinka tyytyväinen olet demokratian toimivuuteen Suomessa?;Kuinka tyytyväinen olet demokratian toimivuuteen? Arvioi demokratian toimivuutta asteikolla nollasta kymmeneen, missä 0 on ”en ollenkaan tyytyväinen” ja 10 ”erittäin tyytyväinen”. - Kuinka tyytyväinen olet demokratian toimivuuteen EU:ssa?;Kuinka paljon luotat tai et luota seuraaviin tahoihin? Arvioi kutakin  tahoa asteikolla nollasta kymmeneen, missä 0 on ”en luota ollenkaan” ja  10 ”luotan täysin”. - Eduskunta;Kuinka paljon luotat tai et luota seuraaviin tahoihin? Arvioi kutakin  tahoa asteikolla nollasta kymmeneen, missä 0 on ”en luota ollenkaan” ja  10 ”luotan täysin”. - Suomen poliittiset puolueet;Kuinka paljon luotat tai et luota seuraaviin tahoihin? Arvioi kutakin  tahoa asteikolla nollasta kymmeneen, missä 0 on ”en luota ollenkaan” ja  10 ”luotan täysin”. - Suomen hallitus (valtioneuvosto);Kuinka paljon luotat tai et luota seuraaviin tahoihin? Arvioi kutakin  tahoa asteikolla nollasta kymmeneen, missä 0 on ”en luota ollenkaan” ja  10 ”luotan täysin”. - Suomalaiset poliitikot;Kuinka paljon luotat tai et luota seuraaviin tahoihin? Arvioi kutakin  tahoa asteikolla nollasta kymmeneen, missä 0 on ”en luota ollenkaan” ja  10 ”luotan täysin”. - Euroopan unioni;Kuinka paljon luotat tai et luota seuraaviin tahoihin? Arvioi kutakin  tahoa asteikolla nollasta kymmeneen, missä 0 on ”en luota ollenkaan” ja  10 ”luotan täysin”. - Oikeuslaitos;Kuinka paljon luotat tai et luota seuraaviin tahoihin? Arvioi kutakin  tahoa asteikolla nollasta kymmeneen, missä 0 on ”en luota ollenkaan” ja  10 ”luotan täysin”. - Suomen Pankki;Kuinka kiinnostunut olet politiikasta?;Mitä mieltä olet seuraavasta väittämästä? - Demokratialla voi olla ongelmansa, mutta se on parempi kuin muut hallitusmuodot.;Mitä mieltä olet seuraavasta väittämästä? - Demokratia ei ole tehokas hallitusmuoto, ja olisi parempi, että Suomea johtaisi vahva johtaja, jonka ei tarvitsisi välittää vaaleista.;Mitä mieltä olet seuraavasta väittämästä? - On tärkeää, että Suomessa toimii vapaa ja poliittisesti riippumaton media.;Mitä mieltä olet seuraavasta väittämästä? - Kansalaisten oikeutta poliittiseen osallistumiseen ei tulisi rajoittaa.;Mitä mieltä olet seuraavasta väittämästä? - Oikeuslaitosta kohtaan ei tule kohdistaa poliittista painostusta.;Jos vertaat edellisen hallituksen kauteen: mitä mieltä olet seuraavien alojen kehityksestä, onko kehitys mennyt parempaan vai huonompaan suuntaan? - Sosiaali- ja terveydenhuolto;Jos vertaat edellisen hallituksen kauteen: mitä mieltä olet seuraavien alojen kehityksestä, onko kehitys mennyt parempaan vai huonompaan suuntaan? - Vanhustenhoito;Jos vertaat edellisen hallituksen kauteen: mitä mieltä olet seuraavien alojen kehityksestä, onko kehitys mennyt parempaan vai huonompaan suuntaan? - Koulu ja koulutus;Jos vertaat edellisen hallituksen kauteen: mitä mieltä olet seuraavien alojen kehityksestä, onko kehitys mennyt parempaan vai huonompaan suuntaan? - Maahanmuutto ja pakolaiset;Jos vertaat edellisen hallituksen kauteen: mitä mieltä olet seuraavien alojen kehityksestä, onko kehitys mennyt parempaan vai huonompaan suuntaan? - Vähemmistöjen oikeudet;Jos vertaat edellisen hallituksen kauteen: mitä mieltä olet seuraavien alojen kehityksestä, onko kehitys mennyt parempaan vai huonompaan suuntaan? - Ympäristö ja ilmasto;Jos vertaat edellisen hallituksen kauteen: mitä mieltä olet seuraavien alojen kehityksestä, onko kehitys mennyt parempaan vai huonompaan suuntaan? - Verotus;Jos vertaat edellisen hallituksen kauteen: mitä mieltä olet seuraavien alojen kehityksestä, onko kehitys mennyt parempaan vai huonompaan suuntaan? - Yritysten toimintaedellytykset;Jos vertaat edellisen hallituksen kauteen: mitä mieltä olet seuraavien alojen kehityksestä, onko kehitys mennyt parempaan vai huonompaan suuntaan? - Työllisyys;Jos vertaat edellisen hallituksen kauteen: mitä mieltä olet seuraavien alojen kehityksestä, onko kehitys mennyt parempaan vai huonompaan suuntaan? - Laki ja järjestys;Jos vertaat edellisen hallituksen kauteen: mitä mieltä olet seuraavien alojen kehityksestä, onko kehitys mennyt parempaan vai huonompaan suuntaan? - Puolustus;Jos vertaat edellisen hallituksen kauteen: mitä mieltä olet seuraavien alojen kehityksestä, onko kehitys mennyt parempaan vai huonompaan suuntaan? - Ulko- ja turvallisuuspoliittiset kysymykset;Onko mielestäsi kehitys seuraavilla aloilla ollut seurausta hallituksen politiikasta vai muista syistä? - Sosiaali- ja terveydenhuolto;Onko mielestäsi kehitys seuraavilla aloilla ollut seurausta hallituksen politiikasta vai muista syistä? - Vanhustenhoito;Onko mielestäsi kehitys seuraavilla aloilla ollut seurausta hallituksen politiikasta vai muista syistä? - Koulu ja koulutus;Onko mielestäsi kehitys seuraavilla aloilla ollut seurausta hallituksen politiikasta vai muista syistä? - Maahanmuutto ja pakolaiset;Onko mielestäsi kehitys seuraavilla aloilla ollut seurausta hallituksen politiikasta vai muista syistä? - Vähemmistöjen oikeudet;Onko mielestäsi kehitys seuraavilla aloilla ollut seurausta hallituksen politiikasta vai muista syistä? - Ympäristö ja ilmasto;Onko mielestäsi kehitys seuraavilla aloilla ollut seurausta hallituksen politiikasta vai muista syistä? - Verotus;Onko mielestäsi kehitys seuraavilla aloilla ollut seurausta hallituksen politiikasta vai muista syistä? - Yritysten toimintaedellytykset;Onko mielestäsi kehitys seuraavilla aloilla ollut seurausta hallituksen politiikasta vai muista syistä? - Työllisyys;Onko mielestäsi kehitys seuraavilla aloilla ollut seurausta hallituksen politiikasta vai muista syistä? - Laki ja järjestys;Onko mielestäsi kehitys seuraavilla aloilla ollut seurausta hallituksen politiikasta vai muista syistä? - Puolustus;Onko mielestäsi kehitys seuraavilla aloilla ollut seurausta hallituksen politiikasta vai muista syistä? - Ulko- ja turvallisuuspoliittiset kysymykset;Kuinka lähellä seuraavat eduskuntapuolueet ovat omia poliittisia mielipiteitäsi asteikolla 0–10? 0 tarkoittaa, että puolue ei ole lainkaan lähellä ja 10, että puolue on erittäin lähellä poliittisia mielipiteitäsi. Jos et tiedä jostain puolueesta tarpeeksi, sinun ei tarvitse arvioida sitä. - Suomen Sosialidemokraattinen Puolue (SDP);Kuinka lähellä seuraavat eduskuntapuolueet ovat omia poliittisia mielipiteitäsi asteikolla 0–10? 0 tarkoittaa, että puolue ei ole lainkaan lähellä ja 10, että puolue on erittäin lähellä poliittisia mielipiteitäsi. Jos et tiedä jostain puolueesta tarpeeksi, sinun ei tarvitse arvioida sitä. - Perussuomalaiset (PS);Kuinka lähellä seuraavat eduskuntapuolueet ovat omia poliittisia mielipiteitäsi asteikolla 0–10? 0 tarkoittaa, että puolue ei ole lainkaan lähellä ja 10, että puolue on erittäin lähellä poliittisia mielipiteitäsi. Jos et tiedä jostain puolueesta tarpeeksi, sinun ei tarvitse arvioida sitä. - Kansallinen Kokoomus (KOK);Kuinka lähellä seuraavat eduskuntapuolueet ovat omia poliittisia mielipiteitäsi asteikolla 0–10? 0 tarkoittaa, että puolue ei ole lainkaan lähellä ja 10, että puolue on erittäin lähellä poliittisia mielipiteitäsi. Jos et tiedä jostain puolueesta tarpeeksi, sinun ei tarvitse arvioida sitä. - Suomen Keskusta (KESK);Kuinka lähellä seuraavat eduskuntapuolueet ovat omia poliittisia mielipiteitäsi asteikolla 0–10? 0 tarkoittaa, että puolue ei ole lainkaan lähellä ja 10, että puolue on erittäin lähellä poliittisia mielipiteitäsi. Jos et tiedä jostain puolueesta tarpeeksi, sinun ei tarvitse arvioida sitä. - Vihreä liitto (VIHR);Kuinka lähellä seuraavat eduskuntapuolueet ovat omia poliittisia mielipiteitäsi asteikolla 0–10? 0 tarkoittaa, että puolue ei ole lainkaan lähellä ja 10, että puolue on erittäin lähellä poliittisia mielipiteitäsi. Jos et tiedä jostain puolueesta tarpeeksi, sinun ei tarvitse arvioida sitä. - Vasemmistoliitto (VAS);Kuinka lähellä seuraavat eduskuntapuolueet ovat omia poliittisia mielipiteitäsi asteikolla 0–10? 0 tarkoittaa, että puolue ei ole lainkaan lähellä ja 10, että puolue on erittäin lähellä poliittisia mielipiteitäsi. Jos et tiedä jostain puolueesta tarpeeksi, sinun ei tarvitse arvioida sitä. - Suomen ruotsalainen kansanpuolue (RKP);Kuinka lähellä seuraavat eduskuntapuolueet ovat omia poliittisia mielipiteitäsi asteikolla 0–10? 0 tarkoittaa, että puolue ei ole lainkaan lähellä ja 10, että puolue on erittäin lähellä poliittisia mielipiteitäsi. Jos et tiedä jostain puolueesta tarpeeksi, sinun ei tarvitse arvioida sitä. - Suomen Kristillisdemokraatit (KD);Kuinka lähellä seuraavat eduskuntapuolueet ovat omia poliittisia mielipiteitäsi asteikolla 0–10? 0 tarkoittaa, että puolue ei ole lainkaan lähellä ja 10, että puolue on erittäin lähellä poliittisia mielipiteitäsi. Jos et tiedä jostain puolueesta tarpeeksi, sinun ei tarvitse arvioida sitä. - Liike Nyt;Mitä mieltä olet seuraavista eduskuntapuolueista asteikolla 0–10? 0 tarkoittaa, että et pidä puolueesta lainkaan ja 10, että pidät puolueesta erittäin paljon. Jos et tiedä jostain puolueesta tarpeeksi, sinun ei tarvitse arvioida sitä. - Suomen Sosialidemokraattinen Puolue (SDP);Mitä mieltä olet seuraavista eduskuntapuolueista asteikolla 0–10? 0 tarkoittaa, että et pidä puolueesta lainkaan ja 10, että pidät puolueesta erittäin paljon. Jos et tiedä jostain puolueesta tarpeeksi, sinun ei tarvitse arvioida sitä. - Perussuomalaiset (PS);Mitä mieltä olet seuraavista eduskuntapuolueista asteikolla 0–10? 0 tarkoittaa, että et pidä puolueesta lainkaan ja 10, että pidät puolueesta erittäin paljon. Jos et tiedä jostain puolueesta tarpeeksi, sinun ei tarvitse arvioida sitä. - Kansallinen Kokoomus (KOK);Mitä mieltä olet seuraavista eduskuntapuolueista asteikolla 0–10? 0 tarkoittaa, että et pidä puolueesta lainkaan ja 10, että pidät puolueesta erittäin paljon. Jos et tiedä jostain puolueesta tarpeeksi, sinun ei tarvitse arvioida sitä. - Suomen Keskusta (KESK);Mitä mieltä olet seuraavista eduskuntapuolueista asteikolla 0–10? 0 tarkoittaa, että et pidä puolueesta lainkaan ja 10, että pidät puolueesta erittäin paljon. Jos et tiedä jostain puolueesta tarpeeksi, sinun ei tarvitse arvioida sitä. - Vihreä liitto (VIHR);Mitä mieltä olet seuraavista eduskuntapuolueista asteikolla 0–10? 0 tarkoittaa, että et pidä puolueesta lainkaan ja 10, että pidät puolueesta erittäin paljon. Jos et tiedä jostain puolueesta tarpeeksi, sinun ei tarvitse arvioida sitä. - Vasemmistoliitto (VAS);Mitä mieltä olet seuraavista eduskuntapuolueista asteikolla 0–10? 0 tarkoittaa, että et pidä puolueesta lainkaan ja 10, että pidät puolueesta erittäin paljon. Jos et tiedä jostain puolueesta tarpeeksi, sinun ei tarvitse arvioida sitä. - Suomen ruotsalainen kansanpuolue (RKP);Mitä mieltä olet seuraavista eduskuntapuolueista asteikolla 0–10? 0 tarkoittaa, että et pidä puolueesta lainkaan ja 10, että pidät puolueesta erittäin paljon. Jos et tiedä jostain puolueesta tarpeeksi, sinun ei tarvitse arvioida sitä. - Suomen Kristillisdemokraatit (KD);Mitä mieltä olet seuraavista eduskuntapuolueista asteikolla 0–10? 0 tarkoittaa, että et pidä puolueesta lainkaan ja 10, että pidät puolueesta erittäin paljon. Jos et tiedä jostain puolueesta tarpeeksi, sinun ei tarvitse arvioida sitä. - Liike Nyt;Minkä puolueen tai ryhmittymän ehdokasta äänestit vuoden 2023 eduskuntavaaleissa?;Mitä mieltä olet seuraavista väittämistä? - Hallituksen on voitava sensuroida tiedotusvälineitä, jotka ovat kohtuuttoman kriittisiä hallitusta kohtaan.;Mitä mieltä olet seuraavista väittämistä? - Mielenosoitusoikeutta on suojeltava, vaikka mielenosoitus hankaloittaisi muiden arkea.;Mitä mieltä olet seuraavista väittämistä? - Hallituksen pitäisi voida olla välittämättä sellaisista tuomioistuinten päätöksistä, joita se pitää poliittisesti puolueellisina.;Mitä mieltä olet seuraavista väittämistä? - Kansanedustajien pitäisi voida kyseenalaistaa ja valvoa hallituksen päätöksiä, vaikka se hidastaisi päätösten toimeenpanoa.;Mitä mieltä olet seuraavista väittämistä? - Hallituksen pitäisi voida venyttää lainsäädännön rajoja ratkaistakseen kiireellisiä yhteiskunnallisia ongelmia.;Mitä mieltä olet seuraavista väittämistä? - Maamme toimisi paremmin, jos poliittiset päätökset jätettäisiin riippumattomien, EI vaaleilla valittujen asiantuntijoiden tehtäväksi poliitikkojen sijasta.;Mitä mieltä olet seuraavista väittämistä? - Maamme toimisi paremmin, jos poliittiset päätökset jätettäisiin menestyneiden yritysjohtajien tehtäväksi poliitikkojen sijasta.;opp;gc;term;Q_BallotBoxStuffing;Q_TotalDuration;expected_loi;expected_ir;expected_n;geo_IP;Q_CHL;rid;RISN;LS;transaction_id;SVID;PS;psid;K2;med;_k;entrySigCheck;DisplayOrder;V;tg;orderNumber
09-01-25 3:16;09-01-25 3:18;IP Address;100;97;True;09-01-25 3:18;R_8Mbc06PCxjRN5JT;anonymous;FI;1;;0;0;;25-34;Mies;Länsi-Suomi;Ylioppilastutkinto;10;10;Luotan täysin 10;Luotan täysin 10;Luotan täysin 10;7;7;6;8;Jonkin verran kiinnostunut;Täysin samaa mieltä;Täysin samaa mieltä;Ei samaa eikä eri mieltä;Jokseenkin eri mieltä;Ei samaa eikä eri mieltä;Paljon huonompaan;Jonkin verran parempaan;Jonkin verran huonompaan;Jonkin verran huonompaan;Pysynyt samana;Paljon huonompaan;En osaa sanoa;Paljon huonompaan;Paljon huonompaan;Jonkin verran huonompaan;Jonkin verran huonompaan;Jonkin verran huonompaan;9;7;7;4;5;5;5;7;7;6;9;7;5;5;7;8;2;6;5;7;1;6;6;7;2;6;6;En pidä ollenkaan 0;2;En pidä ollenkaan 0;Vasemmistoliitto (VAS);Täysin samaa mieltä;Täysin samaa mieltä;Jokseenkin eri mieltä;Jokseenkin eri mieltä;Jokseenkin eri mieltä;Jokseenkin samaa mieltä;Täysin samaa mieltä;Qual73530196-3004-Finland;1;;;97;10;0.6;1500;FI;anonymous;;;;6OUO9LjRt0MPf3FyiMpuv7;37679796;341;849ef96f-4314-e130-ac32-18151384ecf8;;;;;;;;
09-01-25 3:16;09-01-25 3:19;IP Address;100;191;True;09-01-25 3:19;R_2j7ipjUTsGJVjuy;anonymous;FI;0,600000024;;0;0;;25-34;Mies;Helsinki ja Uusimaa;Ylempi opistoaste tai ammattikorkeakoulututkinto;8;7;9;9;9;9;9;9;9;Hyvin kiinnostunut;Täysin samaa mieltä;Täysin samaa mieltä;Jokseenkin samaa mieltä;Jokseenkin samaa mieltä;Jokseenkin samaa mieltä;Paljon huonompaan;Paljon huonompaan;Paljon huonompaan;Paljon huonompaan;Paljon huonompaan;Paljon huonompaan;Paljon huonompaan;Paljon huonompaan;Paljon huonompaan;Paljon huonompaan;Paljon huonompaan;Paljon huonompaan;9;9;9;8;8;8;8;8;8;8;8;8;8;8;9;9;9;9;8;8;8;8;9;9;9;9;8;9;8;8;Vasemmistoliitto (VAS);Jokseenkin samaa mieltä;Jokseenkin samaa mieltä;Jokseenkin samaa mieltä;Jokseenkin samaa mieltä;Jokseenkin samaa mieltä;Jokseenkin samaa mieltä;Jokseenkin samaa mieltä;Qual73530196-3004-Finland;1;;;191;10;0.6;1500;FI;anonymous;;;;4yWiwuLtIIXBAlbt5EFpkr;37679796;341;71291e58-11a2-e616-657d-b04c61c9b9a3;;;;;;;;
09-01-25 3:16;09-01-25 3:19;IP Address;100;201;True;09-01-25 3:19;R_21RgODddnpvlUIX;anonymous;FI;0,800000012;;0;0;;35-44;Nainen;Helsinki ja Uusimaa;Ammattitutkinto;6;5;Luotan täysin 10;7;1;9;6;3;4;Hyvin kiinnostunut;Täysin samaa mieltä;Täysin eri mieltä;Ei samaa eikä eri mieltä;Täysin samaa mieltä;Jokseenkin samaa mieltä;Pysynyt samana;Paljon huonompaan;Paljon huonompaan;Paljon huonompaan;Paljon huonompaan;Paljon huonompaan;Paljon huonompaan;Paljon huonompaan;Paljon huonompaan;Jonkin verran huonompaan;Pysynyt samana;Jonkin verran parempaan;4;6;9;2;4;9;5;Kehitys johtuu täysin hallituksen politiikasta 10;4;8;2;7;2;4;7;Erittäin lähellä 10;9;9;7;5;3;2;4;2;1;1;1;4;7;6;Vihreä liitto (VIHR);Jokseenkin eri mieltä;Ei samaa eikä eri mieltä;Ei samaa eikä eri mieltä;Jokseenkin eri mieltä;Jokseenkin samaa mieltä;Jokseenkin samaa mieltä;Täysin samaa mieltä;Qual73530196-3004-Finland;1;;;201;10;0.6;1500;FI;anonymous;;;;4Zm1rmvDneLWnIztdoH8Jm;37679796;341;a816c668-9afa-fa3f-1935-1e260fff8d56;;;;;;;;
09-01-25 3:17;09-01-25 3:20;IP Address;100;172;True;09-01-25 3:20;R_2E4W2PbxHlPW2nl;anonymous;FI;1;;0;0;;18-24;Mies;Helsinki ja Uusimaa;Ammattitutkinto;0;6;En luota ollenkaan 0;1;1;1;8;1;Luotan täysin 10;Jonkin verran kiinnostunut;Ei samaa eikä eri mieltä;Jokseenkin samaa mieltä;Ei samaa eikä eri mieltä;Ei samaa eikä eri mieltä;Jokseenkin samaa mieltä;Paljon huonompaan;Paljon huonompaan;Paljon huonompaan;Paljon huonompaan;Pysynyt samana;Paljon huonompaan;Paljon huonompaan;Pysynyt samana;Paljon huonompaan;Paljon huonompaan;Jonkin verran huonompaan;Pysynyt samana;5;6;7;7;6;5;7;6;5;6;6;6;Erittäin lähellä 10;9;8;7;6;7;8;7;7;9;8;7;6;7;8;9;8;7;Suomen Sosialidemokraattinen Puolue (SDP);Täysin samaa mieltä;Jokseenkin samaa mieltä;Täysin samaa mieltä;Ei samaa eikä eri mieltä;Täysin samaa mieltä;Täysin samaa mieltä;En osaa sanoa;Qual73530196-3004-Finland;1;;;172;10;0.6;1500;FI;anonymous;;;;6e1mQROJ2C7q0jlW6a4axo;37679796;341;eb06a888-4123-7986-8928-1f009b06677d;;;;;;;;
09-01-25 3:16;09-01-25 3:20;IP Address;100;240;True;09-01-25 3:20;R_8ffb9k5By3W73eT;anonymous;FI;1;;0;0;;35-44;Mies;Helsinki ja Uusimaa;Ammattitutkinto;2;0;En luota ollenkaan 0;1;En luota ollenkaan 0;En luota ollenkaan 0;1;1;En luota ollenkaan 0;Jonkin verran kiinnostunut;Täysin samaa mieltä;Täysin eri mieltä;Täysin samaa mieltä;Täysin samaa mieltä;Täysin samaa mieltä;Paljon huonompaan;Paljon huonompaan;Paljon huonompaan;Paljon huonompaan;Paljon huonompaan;Paljon huonompaan;Paljon huonompaan;Paljon huonompaan;Paljon huonompaan;Paljon huonompaan;Paljon huonompaan;Paljon huonompaan;9;9;Kehitys johtuu täysin hallituksen politiikasta 10;9;Kehitys johtuu täysin hallituksen politiikasta 10;Kehitys johtuu täysin hallituksen politiikasta 10;Kehitys johtuu täysin hallituksen politiikasta 10;Kehitys johtuu täysin hallituksen politiikasta 10;Kehitys johtuu täysin hallituksen politiikasta 10;Kehitys johtuu täysin hallituksen politiikasta 10;Kehitys johtuu täysin hallituksen politiikasta 10;Kehitys johtuu täysin hallituksen politiikasta 10;1;Ei lainkaan lähellä 0;Ei lainkaan lähellä 0;Ei lainkaan lähellä 0;9;7;Ei lainkaan lähellä 0;Ei lainkaan lähellä 0;Ei lainkaan lähellä 0;1;En pidä ollenkaan 0;En pidä ollenkaan 0;En pidä ollenkaan 0;9;7;En pidä ollenkaan 0;En pidä ollenkaan 0;En pidä ollenkaan 0;Vihreä liitto (VIHR);Täysin eri mieltä;Täysin samaa mieltä;Ei samaa eikä eri mieltä;Täysin samaa mieltä;Täysin eri mieltä;Täysin eri mieltä;Täysin eri mieltä;Qual73530196-3004-Finland;1;;;240;10;0.6;1500;FI;anonymous;;;;1NgKQEtW5RhguJofd3jOvL;37679796;341;b89c46fb-4e87-0f37-320e-77cf432582f5;;;;;;;;
09-01-25 3:15;09-01-25 3:20;IP Address;100;318;True;09-01-25 3:20;R_2yrIeaojWCBPgXf;anonymous;FI;1;;0;0;;55+;Nainen;Länsi-Suomi;Peruskoulu (luokat 1-9);6;8;4;4;3;3;5;5;5;En lainkaan kiinnostunut;Ei samaa eikä eri mieltä;Ei samaa eikä eri mieltä;Ei samaa eikä eri mieltä;Ei samaa eikä eri mieltä;Ei samaa eikä eri mieltä;Jonkin verran huonompaan;Paljon huonompaan;Jonkin verran huonompaan;Pysynyt samana;Jonkin verran huonompaan;Jonkin verran huonompaan;Paljon huonompaan;Jonkin verran huonompaan;Jonkin verran huonompaan;Jonkin verran huonompaan;Pysynyt samana;Jonkin verran huonompaan;4;4;4;3;5;6;5;4;4;6;4;4;Erittäin lähellä 10;En osaa sanoa;En osaa sanoa;En osaa sanoa;En osaa sanoa;En osaa sanoa;En osaa sanoa;En osaa sanoa;En osaa sanoa;Pidän erittäin paljon 10;En osaa sanoa;En pidä ollenkaan 0;En pidä ollenkaan 0;En osaa sanoa;En pidä ollenkaan 0;En osaa sanoa;En osaa sanoa;En osaa sanoa;En äänestänyt;En osaa sanoa;En osaa sanoa;En osaa sanoa;En osaa sanoa;En osaa sanoa;En osaa sanoa;En osaa sanoa;Qual73530196-3004-Finland;1;;;318;10;0.6;1500;FI;anonymous;;;;18wVnq2g1RBnUk0ktwCfaH;37679796;341;2e868851-9606-31f1-dfec-9d7c00e39afb;;;;;;;;
09-01-25 3:16;09-01-25 3:20;IP Address;100;229;True;09-01-25 3:20;R_2IXXJO0WJJVPOp7;anonymous;FI;1;;0;10;;35-44;Mies;Etelä-Suomi;Ammattitutkinto;6;7;6;Luotan täysin 10;Luotan täysin 10;9;Luotan täysin 10;7;8;Hyvin kiinnostunut;Jokseenkin eri mieltä;Täysin samaa mieltä;Täysin samaa mieltä;Jokseenkin eri mieltä;Jokseenkin samaa mieltä;Jonkin verran parempaan;Pysynyt samana;Jonkin verran huonompaan;Paljon huonompaan;Jonkin verran parempaan;Jonkin verran huonompaan;En osaa sanoa;Paljon huonompaan;En osaa sanoa;Paljon parempaan;Pysynyt samana;Pysynyt samana;8;9;4;Kehitys johtuu täysin hallituksen politiikasta 10;9;1;5;4;9;6;8;5;Erittäin lähellä 10;8;4;6;5;9;8;Erittäin lähellä 10;7;6;8;8;5;Pidän erittäin paljon 10;8;7;9;9;Suomen Keskusta (KESK);Ei samaa eikä eri mieltä;Täysin eri mieltä;En osaa sanoa;Ei samaa eikä eri mieltä;En osaa sanoa;Jokseenkin eri mieltä;Jokseenkin samaa mieltä;Qual73530196-3004-Finland;1;;;229;10;0.6;1500;FI;anonymous;;;;59uWrWT7kXtQBtqoD0cPsP;37679796;341;cdd4592c-3327-9530-6aae-102b0762d495;;;;;;;;
09-01-25 3:18;09-01-25 3:21;IP Address;100;191;True;09-01-25 3:21;R_2wyoDgKewhkGNqX;anonymous;FI;0,899999976;;0;0;;25-34;Nainen;Helsinki ja Uusimaa;Yliopistotutkinto;7;7;8;3;7;7;7;6;2;Vain vähän kiinnostunut;Täysin samaa mieltä;Jokseenkin samaa mieltä;Jokseenkin samaa mieltä;Jokseenkin samaa mieltä;Jokseenkin samaa mieltä;Jonkin verran huonompaan;Pysynyt samana;Pysynyt samana;Pysynyt samana;Pysynyt samana;Pysynyt samana;Pysynyt samana;Pysynyt samana;Pysynyt samana;Pysynyt samana;Pysynyt samana;Jonkin verran parempaan;2;5;7;7;6;7;8;7;9;2;3;6;7;9;9;8;8;9;9;8;9;6;8;9;8;7;7;7;7;9;Perussuomalaiset (PS);Jokseenkin samaa mieltä;Täysin samaa mieltä;Jokseenkin samaa mieltä;Jokseenkin samaa mieltä;Täysin samaa mieltä;Täysin samaa mieltä;Jokseenkin samaa mieltä;Qual73530196-3004-Finland;1;;;191;10;0.6;1500;FI;anonymous;;;;7xZLPRTOLmnSCkpHOeGV73;37679796;341;8d5755da-388c-ae5c-0def-e955972ba9d6;;;;;;;;
09-01-25 3:16;09-01-25 3:22;IP Address;100;337;True;09-01-25 3:22;R_2ibaStpaAUcCGFu;anonymous;FI;1;;0;0;;35-44;Mies;Etelä-Suomi;Yliopistotutkinto;8;5;9;6;7;5;7;Luotan täysin 10;Luotan täysin 10;Jonkin verran kiinnostunut;Täysin samaa mieltä;Jokseenkin eri mieltä;Täysin samaa mieltä;Jokseenkin samaa mieltä;Täysin samaa mieltä;Jonkin verran huonompaan;Jonkin verran huonompaan;Jonkin verran huonompaan;Jonkin verran huonompaan;Jonkin verran huonompaan;Jonkin verran huonompaan;Jonkin verran huonompaan;Jonkin verran huonompaan;Jonkin verran huonompaan;Pysynyt samana;Jonkin verran parempaan;Jonkin verran parempaan;5;4;4;4;4;4;6;4;4;6;6;6;5;Ei lainkaan lähellä 0;7;5;2;1;3;Ei lainkaan lähellä 0;2;7;En pidä ollenkaan 0;8;6;3;2;5;En pidä ollenkaan 0;3;Kansallinen Kokoomus (KOK);Täysin eri mieltä;Täysin eri mieltä;Täysin eri mieltä;Jokseenkin samaa mieltä;Jokseenkin eri mieltä;Jokseenkin samaa mieltä;Jokseenkin eri mieltä;Qual73530196-3004-Finland;1;;;337;10;0.6;1500;FI;anonymous;;;;7qTfRHoiYWD4HdeRL2Zedg;37679796;341;9d867da8-3d74-eee3-0016-09e244353c03;;;;;;;;
09-01-25 3:17;09-01-25 3:22;IP Address;100;278;True;09-01-25 3:22;R_2CBo85kULqbh7rf;anonymous;FI;1;;0;0;;35-44;Mies;Pohjois- ja Itä-Suomi;Ammattitutkinto;9;8;7;7;7;7;8;9;9;Hyvin kiinnostunut;Täysin samaa mieltä;Täysin eri mieltä;Täysin samaa mieltä;Täysin samaa mieltä;Täysin samaa mieltä;Pysynyt samana;Pysynyt samana;Pysynyt samana;Pysynyt samana;Jonkin verran parempaan;Jonkin verran parempaan;Jonkin verran huonompaan;Pysynyt samana;Jonkin verran huonompaan;Pysynyt samana;Paljon parempaan;Jonkin verran parempaan;9;9;9;Kehitys johtuu täysin hallituksen politiikasta 10;5;7;Kehitys johtuu täysin hallituksen politiikasta 10;9;Kehitys johtuu täysin hallituksen politiikasta 10;3;5;7;7;2;1;1;5;Erittäin lähellä 10;5;5;6;7;2;1;1;5;Pidän erittäin paljon 10;5;5;7;Vasemmistoliitto (VAS);Täysin eri mieltä;Ei samaa eikä eri mieltä;Ei samaa eikä eri mieltä;Jokseenkin samaa mieltä;Jokseenkin samaa mieltä;Ei samaa eikä eri mieltä;Täysin eri mieltä;Qual73530196-3004-Finland;1;;;278;10;0.6;1500;FI;anonymous;;;;2rR9ukCxVHb9ads1q79Lcs;37679796;341;5f54e21c-12a3-d194-69f6-193d8ee12605;;;;;;;;
09-01-25 3:15;09-01-25 3:22;IP Address;100;396;True;09-01-25 3:22;R_2f9y4Jod1aVtdBz;anonymous;FI;0,800000012;;0;10;;45-54;Mies;Etelä-Suomi;Ammattitutkinto;10;10;Luotan täysin 10;Luotan täysin 10;Luotan täysin 10;Luotan täysin 10;Luotan täysin 10;Luotan täysin 10;Luotan täysin 10;En lainkaan kiinnostunut;Jokseenkin eri mieltä;Täysin samaa mieltä;Täysin samaa mieltä;Jokseenkin samaa mieltä;Täysin samaa mieltä;Jonkin verran parempaan;Jonkin verran huonompaan;Jonkin verran huonompaan;Paljon huonompaan;Paljon parempaan;Paljon parempaan;Jonkin verran huonompaan;Paljon huonompaan;Paljon huonompaan;Paljon parempaan;Paljon parempaan;Paljon parempaan;Kehitys johtuu täysin hallituksen politiikasta 10;Kehitys johtuu täysin hallituksen politiikasta 10;Kehitys johtuu täysin hallituksen politiikasta 10;Kehitys johtuu täysin hallituksen politiikasta 10;Kehitys johtuu täysin hallituksen politiikasta 10;Kehitys johtuu täysin hallituksen politiikasta 10;Kehitys johtuu täysin hallituksen politiikasta 10;Kehitys johtuu täysin hallituksen politiikasta 10;Kehitys johtuu täysin hallituksen politiikasta 10;Kehitys johtuu täysin hallituksen politiikasta 10;Kehitys johtuu täysin hallituksen politiikasta 10;Kehitys johtuu täysin hallituksen politiikasta 10;Erittäin lähellä 10;Erittäin lähellä 10;Erittäin lähellä 10;Erittäin lähellä 10;Erittäin lähellä 10;Erittäin lähellä 10;Erittäin lähellä 10;Erittäin lähellä 10;Erittäin lähellä 10;Pidän erittäin paljon 10;Pidän erittäin paljon 10;Pidän erittäin paljon 10;Pidän erittäin paljon 10;Pidän erittäin paljon 10;Pidän erittäin paljon 10;Pidän erittäin paljon 10;Pidän erittäin paljon 10;Pidän erittäin paljon 10;Perussuomalaiset (PS);Täysin eri mieltä;Täysin eri mieltä;Täysin eri mieltä;Täysin eri mieltä;Täysin eri mieltä;Täysin eri mieltä;Täysin eri mieltä;Qual73530196-3004-Finland;1;;;396;10;0.6;1500;FI;anonymous;;;;3l8lqBXh9957ITkmRTAmuO;37679796;341;0aaa0487-4935-aff7-50b4-96440b6b55be;;;;;;;;
09-01-25 3:17;09-01-25 3:23;IP Address;100;335;True;09-01-25 3:23;R_2109p5TXn0SJkYI;anonymous;FI;1;;0;0;;45-54;Mies;Pohjois- ja Itä-Suomi;Ammattitutkinto;2;2;En luota ollenkaan 0;En luota ollenkaan 0;En luota ollenkaan 0;En luota ollenkaan 0;En luota ollenkaan 0;En luota ollenkaan 0;2;Jonkin verran kiinnostunut;Jokseenkin samaa mieltä;Täysin eri mieltä;Täysin samaa mieltä;Täysin samaa mieltä;Täysin samaa mieltä;Paljon huonompaan;Paljon huonompaan;Paljon huonompaan;Paljon huonompaan;Paljon huonompaan;Pysynyt samana;Paljon huonompaan;Paljon huonompaan;Paljon huonompaan;Paljon huonompaan;Paljon huonompaan;Paljon huonompaan;Kehitys johtuu täysin hallituksen politiikasta 10;Kehitys johtuu täysin hallituksen politiikasta 10;Kehitys johtuu täysin hallituksen politiikasta 10;Kehitys johtuu täysin hallituksen politiikasta 10;Kehitys johtuu täysin hallituksen politiikasta 10;Kehitys johtuu täysin hallituksen politiikasta 10;Kehitys johtuu täysin hallituksen politiikasta 10;Kehitys johtuu täysin hallituksen politiikasta 10;Kehitys johtuu täysin hallituksen politiikasta 10;Kehitys johtuu täysin hallituksen politiikasta 10;Kehitys johtuu täysin hallituksen politiikasta 10;Kehitys johtuu täysin hallituksen politiikasta 10;Ei lainkaan lähellä 0;2;Ei lainkaan lähellä 0;Ei lainkaan lähellä 0;Ei lainkaan lähellä 0;Ei lainkaan lähellä 0;Ei lainkaan lähellä 0;Ei lainkaan lähellä 0;Ei lainkaan lähellä 0;En pidä ollenkaan 0;1;En pidä ollenkaan 0;En pidä ollenkaan 0;En pidä ollenkaan 0;En pidä ollenkaan 0;En pidä ollenkaan 0;En pidä ollenkaan 0;En pidä ollenkaan 0;En äänestänyt;Täysin eri mieltä;Ei samaa eikä eri mieltä;Ei samaa eikä eri mieltä;Ei samaa eikä eri mieltä;Jokseenkin samaa mieltä;Täysin samaa mieltä;Täysin samaa mieltä;Qual73530196-3004-Finland;1;;;335;10;0.6;1500;FI;anonymous;;;;5iy3zdQJDmeYWd29t8HoFC;37679796;341;9046f1ec-3eab-a077-cf81-0e7332849b75;;;;;;;;
09-01-25 3:16;09-01-25 3:23;IP Address;100;405;True;09-01-25 3:23;R_2EmFhJxJA4xqExs;anonymous;FI;1;;0;0;;35-44;Mies;Helsinki ja Uusimaa;Ylioppilastutkinto;7;3;5;5;4;3;5;9;8;Vain vähän kiinnostunut;Jokseenkin samaa mieltä;Täysin eri mieltä;Jokseenkin samaa mieltä;Jokseenkin samaa mieltä;Jokseenkin samaa mieltä;Jonkin verran huonompaan;Jonkin verran huonompaan;Jonkin verran huonompaan;Pysynyt samana;Pysynyt samana;Pysynyt samana;Pysynyt samana;Jonkin verran parempaan;Pysynyt samana;Pysynyt samana;Jonkin verran huonompaan;Pysynyt samana;4;5;4;4;4;7;4;5;6;7;8;8;9;2;Ei lainkaan lähellä 0;Ei lainkaan lähellä 0;Ei lainkaan lähellä 0;Ei lainkaan lähellä 0;Ei lainkaan lähellä 0;Ei lainkaan lähellä 0;Ei lainkaan lähellä 0;7;5;1;1;4;2;1;1;4;Suomen Sosialidemokraattinen Puolue (SDP);Ei samaa eikä eri mieltä;Jokseenkin samaa mieltä;Jokseenkin samaa mieltä;Ei samaa eikä eri mieltä;Ei samaa eikä eri mieltä;Ei samaa eikä eri mieltä;Ei samaa eikä eri mieltä;Qual73530196-3004-Finland;1;;;405;10;0.6;1500;FI;anonymous;;;;0f0nRtPAM0aaSCDScmO0u4;37679796;341;d03e5d39-ff12-65cf-acf1-ddd6848bf676;;;;;;;;
09-01-25 3:19;09-01-25 3:23;IP Address;100;234;True;09-01-25 3:23;R_8iy3vNB2fKrtOFj;anonymous;FI;1;;0;0;;25-34;Mies;Länsi-Suomi;Ammattitutkinto;4;7;4;4;3;4;7;6;3;Vain vähän kiinnostunut;Jokseenkin samaa mieltä;Jokseenkin eri mieltä;Täysin samaa mieltä;Jokseenkin samaa mieltä;Jokseenkin samaa mieltä;Paljon huonompaan;Paljon huonompaan;Pysynyt samana;Pysynyt samana;Jonkin verran parempaan;Jonkin verran parempaan;Jonkin verran huonompaan;Paljon huonompaan;Paljon huonompaan;Pysynyt samana;Pysynyt samana;Jonkin verran parempaan;7;8;5;6;6;7;9;9;Kehitys johtuu täysin hallituksen politiikasta 10;6;8;8;7;8;4;5;4;3;Ei lainkaan lähellä 0;5;6;7;8;5;5;4;4;En pidä ollenkaan 0;6;7;Perussuomalaiset (PS);Täysin eri mieltä;Jokseenkin eri mieltä;Jokseenkin samaa mieltä;Jokseenkin samaa mieltä;Täysin samaa mieltä;Jokseenkin samaa mieltä;Ei samaa eikä eri mieltä;Qual73530196-3004-Finland;1;;;234;10;0.6;1500;FI;anonymous;;;;6CIfY8lrM63OXEvh1ToMEF;37679796;341;ea0a99d3-6627-b985-e87a-6dd7bac843c7;;;;;;;;
09-01-25 3:17;09-01-25 3:23;IP Address;100;351;True;09-01-25 3:23;R_8Sp14Qg07VUrbMn;anonymous;FI;1;;0;0;;25-34;Nainen;Länsi-Suomi;Ammattitutkinto;4;4;3;3;4;2;5;7;6;Vain vähän kiinnostunut;Ei samaa eikä eri mieltä;Ei samaa eikä eri mieltä;Ei samaa eikä eri mieltä;Täysin samaa mieltä;Ei samaa eikä eri mieltä;Jonkin verran huonompaan;Paljon huonompaan;Jonkin verran huonompaan;Pysynyt samana;En osaa sanoa;En osaa sanoa;Jonkin verran huonompaan;En osaa sanoa;Paljon huonompaan;Pysynyt samana;Pysynyt samana;En osaa sanoa;6;5;5;6;5;5;8;6;Kehitys johtuu täysin hallituksen politiikasta 10;8;6;6;6;6;6;5;3;5;2;9;3;6;6;6;6;5;5;4;9;6;Suomen Kristillisdemokraatit (KD);Jokseenkin eri mieltä;Jokseenkin eri mieltä;Jokseenkin samaa mieltä;Täysin samaa mieltä;Jokseenkin samaa mieltä;Ei samaa eikä eri mieltä;Ei samaa eikä eri mieltä;Qual73530196-3004-Finland;1;;;351;10;0.6;1500;FI;anonymous;;;;4AiraLyL3p8kYzcO5agzyE;37679796;341;dc8a0170-016f-8125-7c07-56602301fae4;;;;;;;;
09-01-25 3:19;09-01-25 3:23;IP Address;100;289;True;09-01-25 3:24;R_2ylq0xB2hQFsAmW;anonymous;FI;0,899999976;;0;0;;55+;Mies;Länsi-Suomi;Ylempi opistoaste tai ammattikorkeakoulututkinto;5;5;7;7;7;7;6;7;7;Vain vähän kiinnostunut;Jokseenkin samaa mieltä;Täysin eri mieltä;Täysin samaa mieltä;Täysin samaa mieltä;Täysin samaa mieltä;Jonkin verran huonompaan;Jonkin verran huonompaan;Jonkin verran huonompaan;Jonkin verran huonompaan;Jonkin verran huonompaan;Jonkin verran huonompaan;Jonkin verran huonompaan;Jonkin verran huonompaan;Jonkin verran huonompaan;Jonkin verran huonompaan;Pysynyt samana;Pysynyt samana;4;4;4;4;4;5;4;4;4;4;6;5;Ei lainkaan lähellä 0;Ei lainkaan lähellä 0;Ei lainkaan lähellä 0;Ei lainkaan lähellä 0;9;Ei lainkaan lähellä 0;Ei lainkaan lähellä 0;Ei lainkaan lähellä 0;Ei lainkaan lähellä 0;1;En pidä ollenkaan 0;1;1;8;1;1;1;1;En äänestänyt;Täysin eri mieltä;Täysin samaa mieltä;Jokseenkin samaa mieltä;Ei samaa eikä eri mieltä;Täysin samaa mieltä;Jokseenkin samaa mieltä;Ei samaa eikä eri mieltä;Qual73530196-3004-Finland;1;;;289;10;0.6;1500;FI;anonymous;;;;2siizvsX0s156bNQlQhXuP;37679796;341;9342eaae-99a9-d8df-a6b1-8fdcc2c0a336;;;;;;;;
09-01-25 3:17;09-01-25 3:23;IP Address;100;381;True;09-01-25 3:24;R_2DJ6zuPPJVI2I0a;anonymous;FI;1;;0;0;;45-54;Mies;Etelä-Suomi;Peruskoulu (luokat 1-9);5;5;5;5;6;5;6;8;8;Jonkin verran kiinnostunut;Jokseenkin samaa mieltä;Jokseenkin samaa mieltä;Jokseenkin samaa mieltä;Jokseenkin samaa mieltä;Ei samaa eikä eri mieltä;Jonkin verran huonompaan;Jonkin verran huonompaan;Pysynyt samana;Paljon huonompaan;Pysynyt samana;Jonkin verran parempaan;Paljon huonompaan;Pysynyt samana;Pysynyt samana;Pysynyt samana;Jonkin verran parempaan;Jonkin verran parempaan;5;5;5;5;5;6;3;4;4;4;7;5;5;4;5;5;5;5;4;4;3;5;1;4;5;6;6;4;3;1;En äänestänyt;Ei samaa eikä eri mieltä;Ei samaa eikä eri mieltä;Ei samaa eikä eri mieltä;Ei samaa eikä eri mieltä;Ei samaa eikä eri mieltä;Ei samaa eikä eri mieltä;Ei samaa eikä eri mieltä;Qual73530196-3004-Finland;1;;;381;10;0.6;1500;FI;anonymous;;;;6vpLvUZM9y35Iw5w8kHgi2;37679796;341;17c42d1f-02f7-cb55-5026-340e0977ccde;;;;;;;;
09-01-25 3:21;09-01-25 3:24;IP Address;100;139;True;09-01-25 3:24;R_269EUe6nCoL3Kgu;anonymous;FI;1;;0;0;;35-44;Nainen;Länsi-Suomi;Ammattitutkinto;6;6;7;8;7;7;7;5;6;Jonkin verran kiinnostunut;Ei samaa eikä eri mieltä;Ei samaa eikä eri mieltä;Ei samaa eikä eri mieltä;Ei samaa eikä eri mieltä;Ei samaa eikä eri mieltä;Pysynyt samana;Pysynyt samana;Pysynyt samana;Pysynyt samana;Pysynyt samana;Pysynyt samana;Pysynyt samana;Pysynyt samana;Pysynyt samana;Pysynyt samana;Pysynyt samana;Pysynyt samana;5;6;6;7;7;6;6;7;8;7;7;6;5;6;5;5;5;5;5;5;5;6;6;7;6;6;5;4;5;6;En äänestänyt;Ei samaa eikä eri mieltä;Ei samaa eikä eri mieltä;Ei samaa eikä eri mieltä;Ei samaa eikä eri mieltä;Ei samaa eikä eri mieltä;Ei samaa eikä eri mieltä;Ei samaa eikä eri mieltä;Qual73530196-3004-Finland;1;;;139;10;0.6;1500;FI;anonymous;;;;1NrBTqZtZnRo1cnuAd14Qp;37679796;341;e2d2dd33-d051-2cf6-acfa-6aa24a1a79fc;;;;on;;D_API;;XXX
09-01-25 3:21;09-01-25 3:24;IP Address;100;174;True;09-01-25 3:24;R_2pa6lblAxE6aLJo;anonymous;FI;0,899999976;;0;0;;45-54;Nainen;Länsi-Suomi;Ammattitutkinto;8;7;6;Luotan täysin 10;6;6;6;8;7;Hyvin kiinnostunut;En osaa sanoa;Täysin samaa mieltä;Täysin samaa mieltä;Jokseenkin samaa mieltä;Jokseenkin eri mieltä;Jonkin verran parempaan;Jonkin verran huonompaan;Jonkin verran huonompaan;Pysynyt samana;Pysynyt samana;Jonkin verran huonompaan;Paljon huonompaan;Jonkin verran huonompaan;Jonkin verran huonompaan;Jonkin verran parempaan;Jonkin verran parempaan;Pysynyt samana;4;2;1;4;5;5;4;3;4;6;6;5;7;6;4;4;3;1;Ei lainkaan lähellä 0;3;6;5;4;3;4;4;2;2;2;9;Suomen Keskusta (KESK);Täysin samaa mieltä;Jokseenkin samaa mieltä;Jokseenkin eri mieltä;Täysin eri mieltä;Ei samaa eikä eri mieltä;Jokseenkin samaa mieltä;Täysin eri mieltä;Qual73530196-3004-Finland;1;;;174;10;0.6;1500;FI;anonymous;;;;2mW2WrQNrM7vWXxuuDaOjo;37679796;341;d9632d92-ea49-9990-d314-1b615e6d1a32;;;;on;;D_API;;XXX
09-01-25 3:19;09-01-25 3:24;IP Address;100;317;True;09-01-25 3:24;R_2BaGiG5cUnbAoXT;anonymous;FI;0,5;;0;0;;35-44;Nainen;Länsi-Suomi;Ammattitutkinto;5;5;8;8;8;6;7;8;8;En lainkaan kiinnostunut;Jokseenkin samaa mieltä;Jokseenkin samaa mieltä;Jokseenkin samaa mieltä;Jokseenkin samaa mieltä;Täysin samaa mieltä;Pysynyt samana;Pysynyt samana;Pysynyt samana;Pysynyt samana;Pysynyt samana;Pysynyt samana;Paljon huonompaan;Pysynyt samana;Jonkin verran huonompaan;Pysynyt samana;Jonkin verran huonompaan;Jonkin verran huonompaan;8;9;8;9;9;9;9;6;8;8;9;8;En osaa sanoa;En osaa sanoa;En osaa sanoa;En osaa sanoa;En osaa sanoa;En osaa sanoa;En osaa sanoa;En osaa sanoa;En osaa sanoa;5;En osaa sanoa;En osaa sanoa;5;5;En osaa sanoa;En osaa sanoa;En osaa sanoa;En osaa sanoa;En äänestänyt;Ei samaa eikä eri mieltä;En osaa sanoa;Ei samaa eikä eri mieltä;En osaa sanoa;En osaa sanoa;Ei samaa eikä eri mieltä;Täysin samaa mieltä;Qual73530196-3004-Finland;1;;;317;10;0.6;1500;FI;anonymous;;;;5KdZKrCVz9kNGzsEtsZQIc;37679796;341;9d699144-2295-3eca-8841-2acb6bf3e712;;;;;;;;
23-01-25 5:04;23-01-25 5:09;IP Address;100;334;True;23-01-25 5:09;R_8WL6Uf9RyRSaGqJ;anonymous;FI;0,699999988;;0;0;;35-44;Nainen;Länsi-Suomi;Ammattitutkinto;0;2;6;7;En luota ollenkaan 0;4;8;7;8;Jonkin verran kiinnostunut;Täysin samaa mieltä;Jokseenkin eri mieltä;Täysin samaa mieltä;Täysin samaa mieltä;Täysin samaa mieltä;Jonkin verran huonompaan;Paljon huonompaan;Jonkin verran huonompaan;Paljon parempaan;Pysynyt samana;Paljon huonompaan;Pysynyt samana;En osaa sanoa;Jonkin verran huonompaan;Pysynyt samana;En osaa sanoa;En osaa sanoa;Kehitys johtuu täysin hallituksen politiikasta 10;Kehitys johtuu täysin hallituksen politiikasta 10;Kehitys johtuu täysin hallituksen politiikasta 10;Kehitys johtuu täysin hallituksen politiikasta 10;En osaa sanoa;7;Kehitys johtuu täysin hallituksen politiikasta 10;6;Kehitys johtuu täysin hallituksen politiikasta 10;Kehitys johtuu täysin hallituksen politiikasta 10;6;Kehitys johtuu täysin hallituksen politiikasta 10;En osaa sanoa;En osaa sanoa;En osaa sanoa;En osaa sanoa;En osaa sanoa;En osaa sanoa;En osaa sanoa;En osaa sanoa;En osaa sanoa;7;En pidä ollenkaan 0;6;5;8;9;En pidä ollenkaan 0;3;En osaa sanoa;Kansallinen Kokoomus (KOK);En osaa sanoa;Jokseenkin samaa mieltä;Ei samaa eikä eri mieltä;Täysin eri mieltä;Jokseenkin samaa mieltä;Täysin eri mieltä;En osaa sanoa;Qual73530196-3004-Finland;1;;;334;10;0.6;1500;FI;anonymous;;;;46P2FrbxLC1nAnfSUyPn6r;37679796;341;bee441b8-a3b2-9c79-8b0e-22a2925a659d;;;;on;Q17;D_API;;XXX
23-01-25 5:03;23-01-25 5:11;IP Address;100;481;True;23-01-25 5:11;R_2iEW175qA7ZcrrW;anonymous;FI;1;;0;0;;45-54;Mies;Länsi-Suomi;Ammattitutkinto;5;4;3;3;4;3;4;6;7;Jonkin verran kiinnostunut;Jokseenkin samaa mieltä;Täysin eri mieltä;Ei samaa eikä eri mieltä;Jokseenkin samaa mieltä;Jokseenkin eri mieltä;Paljon huonompaan;Jonkin verran huonompaan;Jonkin verran huonompaan;Pysynyt samana;Pysynyt samana;Pysynyt samana;Paljon huonompaan;Paljon huonompaan;Paljon huonompaan;Pysynyt samana;Jonkin verran parempaan;Pysynyt samana;7;7;6;5;5;5;8;8;9;6;5;5;2;7;3;5;1;1;1;1;7;2;6;3;5;1;1;1;1;6;Perussuomalaiset (PS);Täysin eri mieltä;Jokseenkin samaa mieltä;Ei samaa eikä eri mieltä;Jokseenkin samaa mieltä;Täysin samaa mieltä;Jokseenkin samaa mieltä;Jokseenkin samaa mieltä;Qual73530196-3004-Finland;1;;;481;10;0.6;1500;FI;anonymous;;;;7oXRxBnpxfA1gHugsAEIJK;37679796;341;120023bf-1e8c-7ecf-74a5-589e48b1f449;;;;on;Q17;D_API;;XXX
23-01-25 5:04;23-01-25 5:17;IP Address;100;750;True;23-01-25 5:17;R_2ahsgQhIIQcMhj9;anonymous;FI;0,800000012;;0;0;;45-54;Mies;Helsinki ja Uusimaa;Ammattitutkinto;1;5;2;5;2;5;7;5;7;Jonkin verran kiinnostunut;Jokseenkin samaa mieltä;Jokseenkin samaa mieltä;Jokseenkin samaa mieltä;Jokseenkin samaa mieltä;Jokseenkin samaa mieltä;Paljon huonompaan;Jonkin verran huonompaan;Pysynyt samana;Pysynyt samana;Pysynyt samana;Pysynyt samana;Jonkin verran huonompaan;Pysynyt samana;Jonkin verran huonompaan;Jonkin verran huonompaan;Jonkin verran huonompaan;Pysynyt samana;2;2;5;5;5;5;Kehitys johtuu täysin hallituksen politiikasta 10;5;Kehitys johtuu täysin hallituksen politiikasta 10;5;5;5;9;8;2;5;4;5;3;3;3;9;8;2;5;4;6;3;3;3;Suomen Sosialidemokraattinen Puolue (SDP);Jokseenkin eri mieltä;Jokseenkin samaa mieltä;Ei samaa eikä eri mieltä;Jokseenkin samaa mieltä;Jokseenkin samaa mieltä;Jokseenkin samaa mieltä;Jokseenkin samaa mieltä;Qual73530196-3004-Finland;1;;;750;10;0.6;1500;FI;anonymous;;;;7Fjg2gOqjbx8R05Kz6on9H;37679796;341;766aa2d5-084b-d896-51dd-b87317622ea7;;;;on;Q25;D_API;;XXX
23-01-25 5:11;23-01-25 5:17;IP Address;100;343;True;23-01-25 5:17;R_8hlmRAqChB1FhiH;anonymous;FI;1;;0;0;;55+;Mies;Länsi-Suomi;Ylioppilastutkinto;9;8;9;7;9;8;8;9;9;Jonkin verran kiinnostunut;Jokseenkin samaa mieltä;Ei samaa eikä eri mieltä;Täysin samaa mieltä;Jokseenkin samaa mieltä;Täysin samaa mieltä;Jonkin verran parempaan;Pysynyt samana;Pysynyt samana;Jonkin verran parempaan;Pysynyt samana;Pysynyt samana;Pysynyt samana;Jonkin verran parempaan;Jonkin verran huonompaan;Pysynyt samana;Jonkin verran parempaan;Jonkin verran parempaan;7;5;5;7;5;5;6;7;5;5;7;7;4;7;8;9;4;4;7;8;7;4;7;8;9;4;4;8;8;7;Suomen Keskusta (KESK);Täysin eri mieltä;Jokseenkin samaa mieltä;Jokseenkin eri mieltä;Jokseenkin samaa mieltä;Ei samaa eikä eri mieltä;Ei samaa eikä eri mieltä;Jokseenkin eri mieltä;Qual73530196-3004-Finland;1;;;343;10;0.6;1500;FI;anonymous;;;;4s83GyHAKgiCmN5nuusPtu;37679796;341;919fc802-c670-e59f-c3df-f387f4bc044d;;;;on;Q25;D_API;;XXX
23-01-25 6:36;23-01-25 6:43;IP Address;100;423;True;23-01-25 6:43;R_8QgIah9TURWt1Rv;anonymous;FI;1;;0;0;;45-54;Mies;Länsi-Suomi;Ylempi opistoaste tai ammattikorkeakoulututkinto;2;3;En luota ollenkaan 0;2;3;3;3;1;3;Jonkin verran kiinnostunut;Jokseenkin eri mieltä;Jokseenkin samaa mieltä;Täysin samaa mieltä;Täysin eri mieltä;Jokseenkin samaa mieltä;Paljon huonompaan;Paljon huonompaan;Paljon huonompaan;Pysynyt samana;Pysynyt samana;Pysynyt samana;Paljon huonompaan;Jonkin verran huonompaan;Paljon huonompaan;Jonkin verran huonompaan;Jonkin verran parempaan;Jonkin verran parempaan;Kehitys johtuu täysin hallituksen politiikasta 10;Kehitys johtuu täysin hallituksen politiikasta 10;Kehitys johtuu täysin hallituksen politiikasta 10;5;4;3;Kehitys johtuu täysin hallituksen politiikasta 10;7;8;4;3;3;6;Ei lainkaan lähellä 0;2;3;Ei lainkaan lähellä 0;Ei lainkaan lähellä 0;Ei lainkaan lähellä 0;Ei lainkaan lähellä 0;Ei lainkaan lähellä 0;6;En pidä ollenkaan 0;2;3;En pidä ollenkaan 0;En pidä ollenkaan 0;En pidä ollenkaan 0;En pidä ollenkaan 0;En pidä ollenkaan 0;Suomen Sosialidemokraattinen Puolue (SDP);Täysin eri mieltä;Täysin samaa mieltä;Täysin eri mieltä;Jokseenkin eri mieltä;Jokseenkin eri mieltä;Jokseenkin samaa mieltä;Jokseenkin eri mieltä;Qual73530196-3004-Finland;1;;;423;10;0.6;1500;FI;anonymous;;;;5EWsDLUtj9SPX8S1PPFGn6;37679796;341;eaafb0e0-67ec-1bd5-c1ae-1972f228fa15;;;;on;Q25;D_API;;XXX
23-01-25 17:07;23-01-25 17:12;IP Address;100;294;True;23-01-25 17:12;R_2GQQwGtj3kFs5W1;anonymous;FI;0,899999976;;0;5;;25-34;Mies;Helsinki ja Uusimaa;Ylempi opistoaste tai ammattikorkeakoulututkinto;7;8;6;7;8;7;9;7;8;Jonkin verran kiinnostunut;Täysin samaa mieltä;Täysin eri mieltä;Täysin samaa mieltä;Täysin samaa mieltä;Täysin samaa mieltä;Paljon huonompaan;Paljon huonompaan;Paljon huonompaan;Jonkin verran huonompaan;Paljon huonompaan;Paljon huonompaan;Paljon huonompaan;Jonkin verran parempaan;Jonkin verran huonompaan;Pysynyt samana;Jonkin verran parempaan;Jonkin verran parempaan;Kehitys johtuu täysin hallituksen politiikasta 10;Kehitys johtuu täysin hallituksen politiikasta 10;Kehitys johtuu täysin hallituksen politiikasta 10;7;7;8;Kehitys johtuu täysin hallituksen politiikasta 10;8;9;9;Kehitys johtuu täysin hallituksen politiikasta 10;Kehitys johtuu täysin hallituksen politiikasta 10;8;Ei lainkaan lähellä 0;4;6;5;9;5;2;1;Pidän erittäin paljon 10;En pidä ollenkaan 0;1;3;4;8;4;En pidä ollenkaan 0;En pidä ollenkaan 0;Vasemmistoliitto (VAS);Täysin eri mieltä;Jokseenkin samaa mieltä;Jokseenkin eri mieltä;Täysin samaa mieltä;Jokseenkin samaa mieltä;Täysin samaa mieltä;Täysin eri mieltä;Qual73530196-3004-Finland;1;;;294;10;0.6;1500;FI;anonymous;;;;1U2rDcxJPU9boCFIlZG9XF;37679796;341;3f7050b5-498d-e0ff-f581-e699b0c029ce;;;;on;Q25;D_API;;XXX
23-01-25 17:07;23-01-25 17:12;IP Address;100;299;True;23-01-25 17:12;R_22PTc1ZIZSLB4Ne;anonymous;FI;1;;0;5;;35-44;Nainen;Etelä-Suomi;Ammattitutkinto;2;3;En luota ollenkaan 0;2;En luota ollenkaan 0;En luota ollenkaan 0;2;1;3;Vain vähän kiinnostunut;Ei samaa eikä eri mieltä;Jokseenkin eri mieltä;Ei samaa eikä eri mieltä;Jokseenkin samaa mieltä;Ei samaa eikä eri mieltä;Paljon huonompaan;Paljon huonompaan;Jonkin verran huonompaan;Paljon huonompaan;Paljon huonompaan;Pysynyt samana;Paljon huonompaan;Paljon huonompaan;Paljon huonompaan;Paljon huonompaan;Paljon huonompaan;Pysynyt samana;Kehitys johtuu täysin hallituksen politiikasta 10;Kehitys johtuu täysin hallituksen politiikasta 10;Kehitys johtuu täysin hallituksen politiikasta 10;8;Kehitys johtuu täysin hallituksen politiikasta 10;6;8;8;6;7;5;Kehitys johtuu täysin hallituksen politiikasta 10;3;4;3;3;2;2;3;2;2;En pidä ollenkaan 0;2;En pidä ollenkaan 0;En pidä ollenkaan 0;En pidä ollenkaan 0;2;En pidä ollenkaan 0;En pidä ollenkaan 0;En pidä ollenkaan 0;En äänestänyt;Täysin eri mieltä;Jokseenkin samaa mieltä;Jokseenkin samaa mieltä;Jokseenkin samaa mieltä;Täysin eri mieltä;Täysin samaa mieltä;Ei samaa eikä eri mieltä;Qual73530196-3004-Finland;1;;;299;10;0.6;1500;FI;anonymous;;;;2CHHvTeeLkoyort93vN86n;37679796;341;929b1cb3-4924-470f-17bc-3783de92582b;;;;on;;D_API;;XXX
23-01-25 17:06;23-01-25 17:14;IP Address;100;471;True;23-01-25 17:14;R_216ZTlXsxJ24PTY;anonymous;FI;1;;0;5;;45-54;Nainen;Etelä-Suomi;Ylempi opistoaste tai ammattikorkeakoulututkinto;9;9;7;8;7;7;8;9;Luotan täysin 10;Hyvin kiinnostunut;Täysin samaa mieltä;Ei samaa eikä eri mieltä;Täysin samaa mieltä;Täysin samaa mieltä;Täysin samaa mieltä;Pysynyt samana;Jonkin verran huonompaan;Jonkin verran huonompaan;Paljon huonompaan;Pysynyt samana;Jonkin verran parempaan;Jonkin verran huonompaan;Jonkin verran huonompaan;Jonkin verran huonompaan;Pysynyt samana;Pysynyt samana;Jonkin verran huonompaan;8;8;7;5;4;7;8;9;8;8;8;8;6;5;4;3;5;5;4;4;4;3;3;3;2;3;4;4;4;5;Liike Nyt;Jokseenkin eri mieltä;Jokseenkin samaa mieltä;Täysin samaa mieltä;Täysin samaa mieltä;Täysin samaa mieltä;Jokseenkin samaa mieltä;Jokseenkin samaa mieltä;Qual73530196-3004-Finland;1;;;471;10;0.6;1500;FI;anonymous;;;;1uERIVYPndtNWNsicfkGVJ;37679796;341;660afd90-6d46-be79-84a6-517a5a7c5e6e;;;;on;Q25;D_API;;XXX
23-01-25 17:10;23-01-25 17:16;IP Address;100;374;True;23-01-25 17:16;R_8iey7kFTnL4l9Mc;anonymous;FI;1;;0;5;;25-34;Mies;Etelä-Suomi;Ammattitutkinto;3;5;3;4;2;2;7;6;8;Hyvin kiinnostunut;Jokseenkin samaa mieltä;Jokseenkin samaa mieltä;Jokseenkin samaa mieltä;Täysin samaa mieltä;Täysin samaa mieltä;Paljon huonompaan;Paljon huonompaan;Paljon huonompaan;Paljon huonompaan;Paljon huonompaan;Paljon huonompaan;Paljon huonompaan;Paljon huonompaan;Paljon huonompaan;Paljon huonompaan;Paljon huonompaan;Paljon huonompaan;Kehitys johtuu täysin hallituksen politiikasta 10;Kehitys johtuu täysin hallituksen politiikasta 10;Kehitys johtuu täysin hallituksen politiikasta 10;Kehitys johtuu täysin hallituksen politiikasta 10;Kehitys johtuu täysin hallituksen politiikasta 10;Kehitys johtuu täysin hallituksen politiikasta 10;Kehitys johtuu täysin hallituksen politiikasta 10;Kehitys johtuu täysin hallituksen politiikasta 10;Kehitys johtuu täysin hallituksen politiikasta 10;Kehitys johtuu täysin hallituksen politiikasta 10;Kehitys johtuu täysin hallituksen politiikasta 10;Kehitys johtuu täysin hallituksen politiikasta 10;8;Ei lainkaan lähellä 0;Ei lainkaan lähellä 0;6;7;Erittäin lähellä 10;Ei lainkaan lähellä 0;Ei lainkaan lähellä 0;3;8;En pidä ollenkaan 0;1;4;6;Pidän erittäin paljon 10;1;En pidä ollenkaan 0;2;Vasemmistoliitto (VAS);Täysin eri mieltä;Täysin samaa mieltä;Ei samaa eikä eri mieltä;Jokseenkin samaa mieltä;Täysin eri mieltä;Jokseenkin samaa mieltä;Jokseenkin eri mieltä;Qual73530196-3004-Finland;1;;;374;10;0.6;1500;FI;anonymous;;;;2SIk0EhFfmSsJrYoTCdGIu;37679796;341;def1d4fa-e0fc-ceae-0313-d5bdf7df38e7;;;;on;Q25;D_API;;XXX
23-01-25 17:06;23-01-25 17:22;IP Address;100;1000;True;23-01-25 17:23;R_2EgpnBKrZrjKjcx;anonymous;FI;1;;0;5;;25-34;Mies;Helsinki ja Uusimaa;Yliopistotutkinto;7;6;8;7;8;8;8;7;8;Hyvin kiinnostunut;Jokseenkin samaa mieltä;Ei samaa eikä eri mieltä;Jokseenkin samaa mieltä;Täysin samaa mieltä;Jokseenkin samaa mieltä;Paljon huonompaan;Jonkin verran huonompaan;Jonkin verran huonompaan;Jonkin verran huonompaan;Paljon huonompaan;Jonkin verran huonompaan;Jonkin verran huonompaan;Jonkin verran huonompaan;Paljon huonompaan;Jonkin verran huonompaan;Jonkin verran huonompaan;Jonkin verran huonompaan;7;7;8;7;8;7;8;9;9;8;9;9;8;7;8;8;7;9;8;9;8;8;7;8;9;8;9;9;8;9;Perussuomalaiset (PS);Täysin samaa mieltä;Jokseenkin samaa mieltä;Täysin samaa mieltä;Jokseenkin samaa mieltä;Jokseenkin samaa mieltä;Täysin samaa mieltä;Jokseenkin samaa mieltä;Qual73530196-3004-Finland;1;;;1000;10;0.6;1500;FI;anonymous;;;;5jjAM5ikG9c2Xkyp7v9vtJ;37679796;341;e5942aaf-1a04-6833-1288-0127d1bced68;;;;on;Q17;D_API;;XXX
24-01-25 8:00;24-01-25 8:04;IP Address;100;260;True;24-01-25 8:04;R_8wBIJHPeRowdrW4;anonymous;FI;1;;0;0;;35-44;Nainen;Pohjois- ja Itä-Suomi;Ylempi opistoaste tai ammattikorkeakoulututkinto;7;5;En luota ollenkaan 0;En luota ollenkaan 0;En luota ollenkaan 0;En luota ollenkaan 0;1;4;1;Hyvin kiinnostunut;Täysin samaa mieltä;Jokseenkin samaa mieltä;Täysin samaa mieltä;Täysin samaa mieltä;Jokseenkin samaa mieltä;Paljon huonompaan;Paljon huonompaan;Jonkin verran huonompaan;Pysynyt samana;Jonkin verran parempaan;Jonkin verran huonompaan;Paljon huonompaan;Paljon huonompaan;Paljon huonompaan;Jonkin verran huonompaan;Pysynyt samana;Jonkin verran huonompaan;7;7;7;7;7;9;9;8;9;6;8;9;4;Ei lainkaan lähellä 0;Ei lainkaan lähellä 0;1;2;8;Ei lainkaan lähellä 0;3;3;2;En pidä ollenkaan 0;En pidä ollenkaan 0;1;2;7;En pidä ollenkaan 0;2;1;Vasemmistoliitto (VAS);Täysin eri mieltä;Täysin samaa mieltä;Täysin samaa mieltä;Täysin samaa mieltä;Täysin samaa mieltä;Täysin samaa mieltä;Jokseenkin eri mieltä;Qual73530196-3004-Finland;1;;;260;10;0.6;1500;FI;anonymous;;;;5cZtb94Sv0EfDeZUo1kBIS;37679796;341;7db8582c-1726-d63a-638f-6ce15734747d;;;;on;Q25;D_API;;XXX
24-01-25 8:00;24-01-25 8:06;IP Address;100;311;True;24-01-25 8:06;R_8OTKuBzoVwyXnz7;anonymous;FI;1;;0;0;;55+;Mies;Länsi-Suomi;Peruskoulu (luokat 1-9);1;2;3;3;En luota ollenkaan 0;1;2;7;5;Hyvin kiinnostunut;Täysin samaa mieltä;Täysin eri mieltä;Täysin samaa mieltä;Jokseenkin samaa mieltä;Täysin samaa mieltä;Jonkin verran huonompaan;Paljon huonompaan;Paljon huonompaan;Pysynyt samana;Pysynyt samana;Jonkin verran huonompaan;Paljon huonompaan;Paljon huonompaan;Paljon huonompaan;Jonkin verran huonompaan;Pysynyt samana;Jonkin verran huonompaan;9;Kehitys johtuu täysin hallituksen politiikasta 10;Kehitys johtuu täysin hallituksen politiikasta 10;5;5;4;Kehitys johtuu täysin hallituksen politiikasta 10;Kehitys johtuu täysin hallituksen politiikasta 10;Kehitys johtuu täysin hallituksen politiikasta 10;Kehitys johtuu täysin hallituksen politiikasta 10;3;3;5;1;Ei lainkaan lähellä 0;3;Ei lainkaan lähellä 0;6;Ei lainkaan lähellä 0;Ei lainkaan lähellä 0;Ei lainkaan lähellä 0;5;En pidä ollenkaan 0;En pidä ollenkaan 0;En pidä ollenkaan 0;En pidä ollenkaan 0;5;En pidä ollenkaan 0;En pidä ollenkaan 0;En pidä ollenkaan 0;Perussuomalaiset (PS);Täysin eri mieltä;Jokseenkin samaa mieltä;Täysin eri mieltä;Täysin samaa mieltä;Jokseenkin eri mieltä;Jokseenkin samaa mieltä;Ei samaa eikä eri mieltä;Qual73530196-3004-Finland;1;;;311;10;0.6;1500;FI;anonymous;;;;4UifCc9rsVI2WHK0BXbIfZ;37679796;341;cb99e2cb-96ea-c97a-0b68-6c8ca6cdd58a;;;;on;Q17;D_API;;XXX
24-01-25 8:00;24-01-25 8:07;IP Address;100;428;True;24-01-25 8:07;R_2AM2eA9gQNBr5cZ;anonymous;FI;0,899999976;;0;0;;55+;Nainen;Pohjois- ja Itä-Suomi;Ammattitutkinto;8;8;3;3;4;3;6;8;8;Jonkin verran kiinnostunut;Täysin samaa mieltä;Täysin eri mieltä;Täysin samaa mieltä;Jokseenkin samaa mieltä;Täysin samaa mieltä;Paljon huonompaan;Paljon huonompaan;Jonkin verran huonompaan;Paljon huonompaan;Jonkin verran huonompaan;Jonkin verran huonompaan;Jonkin verran huonompaan;Jonkin verran huonompaan;Paljon huonompaan;Pysynyt samana;Pysynyt samana;Pysynyt samana;7;7;7;8;8;5;9;6;8;3;6;4;7;Ei lainkaan lähellä 0;1;3;5;Ei lainkaan lähellä 0;Ei lainkaan lähellä 0;Ei lainkaan lähellä 0;Ei lainkaan lähellä 0;7;En pidä ollenkaan 0;2;3;5;En pidä ollenkaan 0;2;En pidä ollenkaan 0;En pidä ollenkaan 0;Suomen Sosialidemokraattinen Puolue (SDP);Täysin eri mieltä;Jokseenkin samaa mieltä;Täysin samaa mieltä;Jokseenkin samaa mieltä;Ei samaa eikä eri mieltä;Jokseenkin samaa mieltä;Jokseenkin eri mieltä;Qual73530196-3004-Finland;1;;;428;10;0.6;1500;FI;anonymous;;;;1xcRohXn2j79pAPUND5Y37;37679796;341;97ed7d62-dbee-f631-be73-4490ef71b0cd;;;;on;Q25;D_API;;XXX
24-01-25 8:04;24-01-25 8:07;IP Address;100;197;True;24-01-25 8:07;R_88RcJtgy2u0wBOx;anonymous;FI;1;;0;0;;35-44;Mies;Helsinki ja Uusimaa;Yliopistotutkinto;8;9;9;8;Luotan täysin 10;8;5;8;Luotan täysin 10;Hyvin kiinnostunut;Täysin samaa mieltä;Ei samaa eikä eri mieltä;Jokseenkin samaa mieltä;Täysin samaa mieltä;Jokseenkin samaa mieltä;Jonkin verran parempaan;Paljon parempaan;Pysynyt samana;Jonkin verran parempaan;Jonkin verran huonompaan;Paljon huonompaan;Pysynyt samana;Jonkin verran parempaan;Paljon parempaan;Jonkin verran parempaan;Pysynyt samana;Jonkin verran parempaan;4;7;6;9;Kehitys johtuu täysin hallituksen politiikasta 10;7;Kehitys johtuu täysin hallituksen politiikasta 10;8;6;7;9;Kehitys johtuu täysin hallituksen politiikasta 10;9;8;8;Erittäin lähellä 10;7;5;6;9;Erittäin lähellä 10;En pidä ollenkaan 0;8;Pidän erittäin paljon 10;4;8;9;7;3;8;Perussuomalaiset (PS);Jokseenkin samaa mieltä;En osaa sanoa;Täysin samaa mieltä;Jokseenkin samaa mieltä;Täysin samaa mieltä;Ei samaa eikä eri mieltä;Jokseenkin samaa mieltä;Qual73530196-3004-Finland;1;;;197;10;0.6;1500;FI;anonymous;;;;4xmg6Q2IR54scHPdIl7waU;37679796;341;adf9fb9e-07b8-f8fd-b2d6-fbe2a4b66689;;;;on;Q17;D_API;;XXX
24-01-25 8:02;24-01-25 8:07;IP Address;100;297;True;24-01-25 8:07;R_89aeBMSbBPWUS4b;anonymous;FI;0,800000012;;0;0;;45-54;Nainen;Länsi-Suomi;Ammattitutkinto;7;7;4;4;1;2;3;4;6;Jonkin verran kiinnostunut;Jokseenkin samaa mieltä;Jokseenkin eri mieltä;Täysin samaa mieltä;Täysin samaa mieltä;Täysin samaa mieltä;Paljon huonompaan;Paljon huonompaan;Paljon huonompaan;Pysynyt samana;Pysynyt samana;Pysynyt samana;Paljon huonompaan;Paljon huonompaan;Paljon huonompaan;Pysynyt samana;Pysynyt samana;Jonkin verran huonompaan;Kehitys johtuu täysin hallituksen politiikasta 10;Kehitys johtuu täysin hallituksen politiikasta 10;Kehitys johtuu täysin hallituksen politiikasta 10;Kehitys johtuu täysin hallituksen politiikasta 10;Kehitys johtuu täysin hallituksen politiikasta 10;8;7;7;9;Kehitys johtuu täysin hallituksen politiikasta 10;Kehitys johtuu täysin hallituksen politiikasta 10;Kehitys johtuu täysin hallituksen politiikasta 10;9;Ei lainkaan lähellä 0;Ei lainkaan lähellä 0;Ei lainkaan lähellä 0;Ei lainkaan lähellä 0;Ei lainkaan lähellä 0;Ei lainkaan lähellä 0;Ei lainkaan lähellä 0;Ei lainkaan lähellä 0;Pidän erittäin paljon 10;En pidä ollenkaan 0;En pidä ollenkaan 0;En pidä ollenkaan 0;En pidä ollenkaan 0;En pidä ollenkaan 0;En pidä ollenkaan 0;En pidä ollenkaan 0;1;Suomen Sosialidemokraattinen Puolue (SDP);Täysin eri mieltä;Ei samaa eikä eri mieltä;Ei samaa eikä eri mieltä;Täysin samaa mieltä;Ei samaa eikä eri mieltä;Ei samaa eikä eri mieltä;Ei samaa eikä eri mieltä;Qual73530196-3004-Finland;1;;;297;10;0.6;1500;FI;anonymous;;;;45knU99y60p2loJif1hbH5;37679796;341;8aac172b-eadd-07f3-02b6-0af4ac5faab6;;;;on;Q25;D_API;;XXX
24-01-25 8:04;24-01-25 8:09;IP Address;100;348;True;24-01-25 8:09;R_29bipki4ygVV1z2;anonymous;FI;0,800000012;;0;0;;35-44;Nainen;Länsi-Suomi;Ammattitutkinto;5;5;1;1;1;1;1;1;1;Vain vähän kiinnostunut;Ei samaa eikä eri mieltä;Jokseenkin eri mieltä;Jokseenkin samaa mieltä;Jokseenkin samaa mieltä;Jokseenkin eri mieltä;Jonkin verran huonompaan;Jonkin verran huonompaan;Jonkin verran huonompaan;Jonkin verran huonompaan;Jonkin verran huonompaan;Jonkin verran huonompaan;Paljon huonompaan;Paljon huonompaan;Paljon huonompaan;Paljon huonompaan;Pysynyt samana;Paljon huonompaan;Kehitys johtuu kokonaan muista syistä 0;Kehitys johtuu kokonaan muista syistä 0;Kehitys johtuu kokonaan muista syistä 0;Kehitys johtuu kokonaan muista syistä 0;Kehitys johtuu kokonaan muista syistä 0;Kehitys johtuu kokonaan muista syistä 0;Kehitys johtuu kokonaan muista syistä 0;Kehitys johtuu kokonaan muista syistä 0;Kehitys johtuu kokonaan muista syistä 0;Kehitys johtuu kokonaan muista syistä 0;Kehitys johtuu kokonaan muista syistä 0;Kehitys johtuu kokonaan muista syistä 0;Ei lainkaan lähellä 0;6;2;7;6;2;Ei lainkaan lähellä 0;Ei lainkaan lähellä 0;Ei lainkaan lähellä 0;2;5;2;5;6;3;En pidä ollenkaan 0;En pidä ollenkaan 0;En pidä ollenkaan 0;Perussuomalaiset (PS);Täysin eri mieltä;Jokseenkin samaa mieltä;Jokseenkin eri mieltä;Täysin samaa mieltä;Jokseenkin eri mieltä;Jokseenkin samaa mieltä;Jokseenkin samaa mieltä;Qual73530196-3004-Finland;1;;;348;10;0.6;1500;FI;anonymous;;;;4KrFnR7THPZ9rlFDogH8xM;37679796;341;e3361a95-11d1-df4b-33a1-a6415629267f;;;;on;Q17;D_API;;XXX
24-01-25 8:08;24-01-25 8:11;IP Address;100;148;True;24-01-25 8:11;R_897qTakZqCr8LFT;anonymous;FI;0,899999976;;0;10;;45-54;Mies;Helsinki ja Uusimaa;Ylioppilastutkinto;8;8;4;3;1;8;9;8;6;Hyvin kiinnostunut;Ei samaa eikä eri mieltä;Jokseenkin eri mieltä;Jokseenkin eri mieltä;Täysin samaa mieltä;Jokseenkin samaa mieltä;Pysynyt samana;Jonkin verran huonompaan;Jonkin verran huonompaan;En osaa sanoa;En osaa sanoa;Paljon huonompaan;Jonkin verran parempaan;Pysynyt samana;Jonkin verran parempaan;Jonkin verran huonompaan;Jonkin verran parempaan;Pysynyt samana;3;3;8;1;2;6;9;2;2;8;3;8;4;5;4;3;8;9;7;6;4;2;2;1;7;7;7;9;2;2;Vihreä liitto (VIHR);Jokseenkin samaa mieltä;Jokseenkin eri mieltä;Täysin eri mieltä;Täysin samaa mieltä;Täysin samaa mieltä;Jokseenkin samaa mieltä;Jokseenkin samaa mieltä;Qual73530196-3004-Finland;1;;;148;10;0.6;1500;FI;anonymous;;;;0ioeaED3hN3OrBLfZQLnAR;37679796;341;eb6254eb-e35e-14da-606a-10f1881c4360;;;;on;Q25;D_API;;XXX
24-01-25 8:06;24-01-25 8:12;IP Address;100;314;True;24-01-25 8:12;R_2whsFZDOCh1RHgh;anonymous;FI;1;;0;0;;45-54;Mies;Helsinki ja Uusimaa;Ammattitutkinto;5;4;En luota ollenkaan 0;En luota ollenkaan 0;En luota ollenkaan 0;En luota ollenkaan 0;1;8;8;Jonkin verran kiinnostunut;Ei samaa eikä eri mieltä;Jokseenkin samaa mieltä;Täysin samaa mieltä;Täysin samaa mieltä;Täysin samaa mieltä;Paljon huonompaan;Paljon huonompaan;Jonkin verran huonompaan;En osaa sanoa;En osaa sanoa;Pysynyt samana;Paljon huonompaan;Jonkin verran huonompaan;Paljon huonompaan;Paljon huonompaan;Pysynyt samana;Pysynyt samana;Kehitys johtuu täysin hallituksen politiikasta 10;Kehitys johtuu täysin hallituksen politiikasta 10;Kehitys johtuu täysin hallituksen politiikasta 10;En osaa sanoa;En osaa sanoa;En osaa sanoa;Kehitys johtuu täysin hallituksen politiikasta 10;Kehitys johtuu täysin hallituksen politiikasta 10;Kehitys johtuu täysin hallituksen politiikasta 10;Kehitys johtuu täysin hallituksen politiikasta 10;4;4;Erittäin lähellä 10;Ei lainkaan lähellä 0;Ei lainkaan lähellä 0;Ei lainkaan lähellä 0;Ei lainkaan lähellä 0;1;1;2;Erittäin lähellä 10;Pidän erittäin paljon 10;En pidä ollenkaan 0;En pidä ollenkaan 0;En pidä ollenkaan 0;En pidä ollenkaan 0;1;1;2;Pidän erittäin paljon 10;Perussuomalaiset (PS);Täysin eri mieltä;Täysin samaa mieltä;Täysin samaa mieltä;Täysin samaa mieltä;Täysin samaa mieltä;Täysin samaa mieltä;Ei samaa eikä eri mieltä;Qual73530196-3004-Finland;1;;;314;10;0.6;1500;FI;anonymous;;;;2NgIYGbuEYJJbcWUsexarR;37679796;341;4ebe2217-66ce-cd73-4f06-fba734035f99;;;;on;Q17;D_API;;XXX
24-01-25 8:07;24-01-25 8:12;IP Address;100;309;True;24-01-25 8:12;R_8oOYpkHOrDmVQ5j;anonymous;FI;1;;0;0;;55+;Nainen;Länsi-Suomi;Ylioppilastutkinto;9;7;7;7;6;6;7;9;9;Jonkin verran kiinnostunut;Täysin samaa mieltä;Täysin eri mieltä;Täysin samaa mieltä;Jokseenkin samaa mieltä;Täysin samaa mieltä;Paljon huonompaan;Paljon huonompaan;Jonkin verran huonompaan;Pysynyt samana;Pysynyt samana;Jonkin verran huonompaan;Jonkin verran huonompaan;Jonkin verran parempaan;Paljon huonompaan;Jonkin verran huonompaan;Jonkin verran parempaan;Pysynyt samana;7;7;6;5;5;6;7;8;8;6;6;6;8;Ei lainkaan lähellä 0;3;8;4;1;8;4;Ei lainkaan lähellä 0;7;En pidä ollenkaan 0;3;6;6;1;7;3;En pidä ollenkaan 0;Suomen ruotsalainen kansanpuolue (RKP);Täysin eri mieltä;Jokseenkin eri mieltä;Täysin eri mieltä;Täysin samaa mieltä;Jokseenkin eri mieltä;Ei samaa eikä eri mieltä;Jokseenkin eri mieltä;Qual73530196-3004-Finland;1;;;309;10;0.6;1500;FI;anonymous;;;;6ROgJfpr1NbX51cwFG3gfh;37679796;341;a6cdf4d6-8242-19d7-1789-3bd766f02fc4;;;;on;Q17;D_API;;XXX
24-01-25 8:07;24-01-25 8:13;IP Address;100;314;True;24-01-25 8:13;R_2gRpVrjgqMAU6Zb;anonymous;FI;1;;0;0;;25-34;Mies;Helsinki ja Uusimaa;Peruskoulu (luokat 1-9);10;9;4;4;5;5;7;7;Luotan täysin 10;Vain vähän kiinnostunut;Jokseenkin samaa mieltä;Jokseenkin eri mieltä;Täysin samaa mieltä;Jokseenkin samaa mieltä;Jokseenkin samaa mieltä;Pysynyt samana;Jonkin verran huonompaan;Pysynyt samana;Pysynyt samana;Pysynyt samana;Pysynyt samana;Jonkin verran parempaan;Pysynyt samana;Jonkin verran huonompaan;Jonkin verran parempaan;Paljon parempaan;Jonkin verran parempaan;8;5;7;4;3;5;8;7;4;8;Kehitys johtuu täysin hallituksen politiikasta 10;8;3;Erittäin lähellä 10;2;2;Ei lainkaan lähellä 0;2;Ei lainkaan lähellä 0;Ei lainkaan lähellä 0;Ei lainkaan lähellä 0;4;Pidän erittäin paljon 10;3;2;En pidä ollenkaan 0;3;En pidä ollenkaan 0;En pidä ollenkaan 0;En pidä ollenkaan 0;Perussuomalaiset (PS);Täysin eri mieltä;Jokseenkin eri mieltä;Jokseenkin samaa mieltä;Jokseenkin eri mieltä;Ei samaa eikä eri mieltä;Jokseenkin samaa mieltä;Jokseenkin eri mieltä;Qual73530196-3004-Finland;1;;;314;10;0.6;1500;FI;anonymous;;;;6Ncv1qbOu7FY5IobvjDmuE;37679796;341;0e360672-1a1c-1e5e-360e-336b2ea57727;;;;on;Q17;D_API;;XXX