StartDate,EndDate,Status,IPAddress,Progress,Duration (in seconds),Finished,RecordedDate,ResponseId,RecipientLastName,RecipientFirstName,RecipientEmail,ExternalReference,LocationLatitude,LocationLongitude,DistributionChannel,UserLanguage,Q_RecaptchaScore,Q_RelevantIDDuplicate,Q_RelevantIDDuplicateScore,Q_RelevantIDFraudScore,Q_RelevantIDLastStartDate,Q3,Q4,Q5,Q6,Q8_1,Q8_2,Q9_1,Q9_2,Q9_3,Q9_4,Q9_5,Q9_6,Q9_7,Q11,Q10_1,Q10_2,Q10_3,Q10_4,Q10_5,Q19_1,Q19_2,Q19_3,Q19_4,Q19_5,Q19_6,Q19_7,Q19_8,Q19_9,Q19_10,Q19_11,Q19_12,Q23_1,Q23_2,Q23_3,Q23_4,Q23_5,Q23_6,Q23_7,Q23_8,Q23_9,Q23_10,Q23_11,Q23_12,Q27_1,Q27_2,Q27_3,Q27_4,Q27_5,Q27_6,Q27_7,Q27_8,Q27_9,Q26_1,Q26_2,Q26_3,Q26_4,Q26_5,Q26_6,Q26_7,Q26_8,Q26_9,Q15,Q13_1,Q13_2,Q13_3,Q13_4,Q13_5,Q13_6,Q13_7,opp,gc,term,Q_BallotBoxStuffing,Q_TotalDuration,expected_loi,expected_ir,expected_n,geo_IP,Q_CHL,rid,RISN,LS,transaction_id,SVID,PS,psid,K2,med,_k,entrySigCheck,V,tg,orderNumber
Start Date,End Date,Response Type,IP Address,Progress,Duration (in seconds),Finished,Recorded Date,Response ID,Recipient Last Name,Recipient First Name,Recipient Email,External Data Reference,Location Latitude,Location Longitude,Distribution Channel,User Language,Q_RecaptchaScore,Q_RelevantIDDuplicate,Q_RelevantIDDuplicateScore,Q_RelevantIDFraudScore,Q_RelevantIDLastStartDate,Kuinka vanha olet?,Sukupuolesi?,Missä sinä asut?,Mikä on korkein suorittamasi kouluaste tai tutkinto?,"Kuinka tyytyväinen olet demokratian toimivuuteen? Arvioi demokratian toimivuutta asteikolla nollasta kymmeneen, missä 0 on ”en ollenkaan tyytyväinen” ja 10 ”erittäin tyytyväinen”. - Kuinka tyytyväinen olet demokratian toimivuuteen Suomessa?","Kuinka tyytyväinen olet demokratian toimivuuteen? Arvioi demokratian toimivuutta asteikolla nollasta kymmeneen, missä 0 on ”en ollenkaan tyytyväinen” ja 10 ”erittäin tyytyväinen”. - Kuinka tyytyväinen olet demokratian toimivuuteen EU:ssa?","Kuinka paljon luotat tai et luota seuraaviin tahoihin? Arvioi kutakin  tahoa asteikolla nollasta kymmeneen, missä 0 on ”en luota ollenkaan” ja  10 ”luotan täysin”. - Eduskunta","Kuinka paljon luotat tai et luota seuraaviin tahoihin? Arvioi kutakin  tahoa asteikolla nollasta kymmeneen, missä 0 on ”en luota ollenkaan” ja  10 ”luotan täysin”. - Suomen poliittiset puolueet","Kuinka paljon luotat tai et luota seuraaviin tahoihin? Arvioi kutakin  tahoa asteikolla nollasta kymmeneen, missä 0 on ”en luota ollenkaan” ja  10 ”luotan täysin”. - Suomen hallitus (valtioneuvosto)","Kuinka paljon luotat tai et luota seuraaviin tahoihin? Arvioi kutakin  tahoa asteikolla nollasta kymmeneen, missä 0 on ”en luota ollenkaan” ja  10 ”luotan täysin”. - Suomalaiset poliitikot","Kuinka paljon luotat tai et luota seuraaviin tahoihin? Arvioi kutakin  tahoa asteikolla nollasta kymmeneen, missä 0 on ”en luota ollenkaan” ja  10 ”luotan täysin”. - Euroopan unioni","Kuinka paljon luotat tai et luota seuraaviin tahoihin? Arvioi kutakin  tahoa asteikolla nollasta kymmeneen, missä 0 on ”en luota ollenkaan” ja  10 ”luotan täysin”. - Oikeuslaitos","Kuinka paljon luotat tai et luota seuraaviin tahoihin? Arvioi kutakin  tahoa asteikolla nollasta kymmeneen, missä 0 on ”en luota ollenkaan” ja  10 ”luotan täysin”. - Suomen Pankki",Kuinka kiinnostunut olet politiikasta?,"Mitä mieltä olet seuraavasta väittämästä? - Demokratialla voi olla ongelmansa, mutta se on parempi kuin muut hallitusmuodot.","Mitä mieltä olet seuraavasta väittämästä? - Demokratia ei ole tehokas hallitusmuoto, ja olisi parempi, että Suomea johtaisi vahva johtaja, jonka ei tarvitsisi välittää vaaleista.","Mitä mieltä olet seuraavasta väittämästä? - On tärkeää, että Suomessa toimii vapaa ja poliittisesti riippumaton media.",Mitä mieltä olet seuraavasta väittämästä? - Kansalaisten oikeutta poliittiseen osallistumiseen ei tulisi rajoittaa.,Mitä mieltä olet seuraavasta väittämästä? - Oikeuslaitosta kohtaan ei tule kohdistaa poliittista painostusta.,"Jos vertaat edellisen hallituksen kauteen: mitä mieltä olet seuraavien alojen kehityksestä, onko kehitys mennyt parempaan vai huonompaan suuntaan? - Sosiaali- ja terveydenhuolto","Jos vertaat edellisen hallituksen kauteen: mitä mieltä olet seuraavien alojen kehityksestä, onko kehitys mennyt parempaan vai huonompaan suuntaan? - Vanhustenhoito","Jos vertaat edellisen hallituksen kauteen: mitä mieltä olet seuraavien alojen kehityksestä, onko kehitys mennyt parempaan vai huonompaan suuntaan? - Koulu ja koulutus","Jos vertaat edellisen hallituksen kauteen: mitä mieltä olet seuraavien alojen kehityksestä, onko kehitys mennyt parempaan vai huonompaan suuntaan? - Maahanmuutto ja pakolaiset","Jos vertaat edellisen hallituksen kauteen: mitä mieltä olet seuraavien alojen kehityksestä, onko kehitys mennyt parempaan vai huonompaan suuntaan? - Vähemmistöjen oikeudet","Jos vertaat edellisen hallituksen kauteen: mitä mieltä olet seuraavien alojen kehityksestä, onko kehitys mennyt parempaan vai huonompaan suuntaan? - Ympäristö ja ilmasto","Jos vertaat edellisen hallituksen kauteen: mitä mieltä olet seuraavien alojen kehityksestä, onko kehitys mennyt parempaan vai huonompaan suuntaan? - Verotus","Jos vertaat edellisen hallituksen kauteen: mitä mieltä olet seuraavien alojen kehityksestä, onko kehitys mennyt parempaan vai huonompaan suuntaan? - Yritysten toimintaedellytykset","Jos vertaat edellisen hallituksen kauteen: mitä mieltä olet seuraavien alojen kehityksestä, onko kehitys mennyt parempaan vai huonompaan suuntaan? - Työllisyys","Jos vertaat edellisen hallituksen kauteen: mitä mieltä olet seuraavien alojen kehityksestä, onko kehitys mennyt parempaan vai huonompaan suuntaan? - Laki ja järjestys","Jos vertaat edellisen hallituksen kauteen: mitä mieltä olet seuraavien alojen kehityksestä, onko kehitys mennyt parempaan vai huonompaan suuntaan? - Puolustus","Jos vertaat edellisen hallituksen kauteen: mitä mieltä olet seuraavien alojen kehityksestä, onko kehitys mennyt parempaan vai huonompaan suuntaan? - Ulko- ja turvallisuuspoliittiset kysymykset",Onko mielestäsi kehitys seuraavilla aloilla ollut seurausta hallituksen politiikasta vai muista syistä? - Sosiaali- ja terveydenhuolto,Onko mielestäsi kehitys seuraavilla aloilla ollut seurausta hallituksen politiikasta vai muista syistä? - Vanhustenhoito,Onko mielestäsi kehitys seuraavilla aloilla ollut seurausta hallituksen politiikasta vai muista syistä? - Koulu ja koulutus,Onko mielestäsi kehitys seuraavilla aloilla ollut seurausta hallituksen politiikasta vai muista syistä? - Maahanmuutto ja pakolaiset,Onko mielestäsi kehitys seuraavilla aloilla ollut seurausta hallituksen politiikasta vai muista syistä? - Vähemmistöjen oikeudet,Onko mielestäsi kehitys seuraavilla aloilla ollut seurausta hallituksen politiikasta vai muista syistä? - Ympäristö ja ilmasto,Onko mielestäsi kehitys seuraavilla aloilla ollut seurausta hallituksen politiikasta vai muista syistä? - Verotus,Onko mielestäsi kehitys seuraavilla aloilla ollut seurausta hallituksen politiikasta vai muista syistä? - Yritysten toimintaedellytykset,Onko mielestäsi kehitys seuraavilla aloilla ollut seurausta hallituksen politiikasta vai muista syistä? - Työllisyys,Onko mielestäsi kehitys seuraavilla aloilla ollut seurausta hallituksen politiikasta vai muista syistä? - Laki ja järjestys,Onko mielestäsi kehitys seuraavilla aloilla ollut seurausta hallituksen politiikasta vai muista syistä? - Puolustus,Onko mielestäsi kehitys seuraavilla aloilla ollut seurausta hallituksen politiikasta vai muista syistä? - Ulko- ja turvallisuuspoliittiset kysymykset,"Kuinka lähellä seuraavat eduskuntapuolueet ovat omia poliittisia mielipiteitäsi asteikolla 0–10? 0 tarkoittaa, että puolue ei ole lainkaan lähellä ja 10, että puolue on erittäin lähellä poliittisia mielipiteitäsi. Jos et tiedä jostain puolueesta tarpeeksi, sinun ei tarvitse arvioida sitä. - Suomen Sosialidemokraattinen Puolue (SDP)","Kuinka lähellä seuraavat eduskuntapuolueet ovat omia poliittisia mielipiteitäsi asteikolla 0–10? 0 tarkoittaa, että puolue ei ole lainkaan lähellä ja 10, että puolue on erittäin lähellä poliittisia mielipiteitäsi. Jos et tiedä jostain puolueesta tarpeeksi, sinun ei tarvitse arvioida sitä. - Perussuomalaiset (PS)","Kuinka lähellä seuraavat eduskuntapuolueet ovat omia poliittisia mielipiteitäsi asteikolla 0–10? 0 tarkoittaa, että puolue ei ole lainkaan lähellä ja 10, että puolue on erittäin lähellä poliittisia mielipiteitäsi. Jos et tiedä jostain puolueesta tarpeeksi, sinun ei tarvitse arvioida sitä. - Kansallinen Kokoomus (KOK)","Kuinka lähellä seuraavat eduskuntapuolueet ovat omia poliittisia mielipiteitäsi asteikolla 0–10? 0 tarkoittaa, että puolue ei ole lainkaan lähellä ja 10, että puolue on erittäin lähellä poliittisia mielipiteitäsi. Jos et tiedä jostain puolueesta tarpeeksi, sinun ei tarvitse arvioida sitä. - Suomen Keskusta (KESK)","Kuinka lähellä seuraavat eduskuntapuolueet ovat omia poliittisia mielipiteitäsi asteikolla 0–10? 0 tarkoittaa, että puolue ei ole lainkaan lähellä ja 10, että puolue on erittäin lähellä poliittisia mielipiteitäsi. Jos et tiedä jostain puolueesta tarpeeksi, sinun ei tarvitse arvioida sitä. - Vihreä liitto (VIHR)","Kuinka lähellä seuraavat eduskuntapuolueet ovat omia poliittisia mielipiteitäsi asteikolla 0–10? 0 tarkoittaa, että puolue ei ole lainkaan lähellä ja 10, että puolue on erittäin lähellä poliittisia mielipiteitäsi. Jos et tiedä jostain puolueesta tarpeeksi, sinun ei tarvitse arvioida sitä. - Vasemmistoliitto (VAS)","Kuinka lähellä seuraavat eduskuntapuolueet ovat omia poliittisia mielipiteitäsi asteikolla 0–10? 0 tarkoittaa, että puolue ei ole lainkaan lähellä ja 10, että puolue on erittäin lähellä poliittisia mielipiteitäsi. Jos et tiedä jostain puolueesta tarpeeksi, sinun ei tarvitse arvioida sitä. - Suomen ruotsalainen kansanpuolue (RKP)","Kuinka lähellä seuraavat eduskuntapuolueet ovat omia poliittisia mielipiteitäsi asteikolla 0–10? 0 tarkoittaa, että puolue ei ole lainkaan lähellä ja 10, että puolue on erittäin lähellä poliittisia mielipiteitäsi. Jos et tiedä jostain puolueesta tarpeeksi, sinun ei tarvitse arvioida sitä. - Suomen Kristillisdemokraatit (KD)","Kuinka lähellä seuraavat eduskuntapuolueet ovat omia poliittisia mielipiteitäsi asteikolla 0–10? 0 tarkoittaa, että puolue ei ole lainkaan lähellä ja 10, että puolue on erittäin lähellä poliittisia mielipiteitäsi. Jos et tiedä jostain puolueesta tarpeeksi, sinun ei tarvitse arvioida sitä. - Liike Nyt","Mitä mieltä olet seuraavista eduskuntapuolueista asteikolla 0–10? 0 tarkoittaa, että et pidä puolueesta lainkaan ja 10, että pidät puolueesta erittäin paljon. Jos et tiedä jostain puolueesta tarpeeksi, sinun ei tarvitse arvioida sitä. - Suomen Sosialidemokraattinen Puolue (SDP)","Mitä mieltä olet seuraavista eduskuntapuolueista asteikolla 0–10? 0 tarkoittaa, että et pidä puolueesta lainkaan ja 10, että pidät puolueesta erittäin paljon. Jos et tiedä jostain puolueesta tarpeeksi, sinun ei tarvitse arvioida sitä. - Perussuomalaiset (PS)","Mitä mieltä olet seuraavista eduskuntapuolueista asteikolla 0–10? 0 tarkoittaa, että et pidä puolueesta lainkaan ja 10, että pidät puolueesta erittäin paljon. Jos et tiedä jostain puolueesta tarpeeksi, sinun ei tarvitse arvioida sitä. - Kansallinen Kokoomus (KOK)","Mitä mieltä olet seuraavista eduskuntapuolueista asteikolla 0–10? 0 tarkoittaa, että et pidä puolueesta lainkaan ja 10, että pidät puolueesta erittäin paljon. Jos et tiedä jostain puolueesta tarpeeksi, sinun ei tarvitse arvioida sitä. - Suomen Keskusta (KESK)","Mitä mieltä olet seuraavista eduskuntapuolueista asteikolla 0–10? 0 tarkoittaa, että et pidä puolueesta lainkaan ja 10, että pidät puolueesta erittäin paljon. Jos et tiedä jostain puolueesta tarpeeksi, sinun ei tarvitse arvioida sitä. - Vihreä liitto (VIHR)","Mitä mieltä olet seuraavista eduskuntapuolueista asteikolla 0–10? 0 tarkoittaa, että et pidä puolueesta lainkaan ja 10, että pidät puolueesta erittäin paljon. Jos et tiedä jostain puolueesta tarpeeksi, sinun ei tarvitse arvioida sitä. - Vasemmistoliitto (VAS)","Mitä mieltä olet seuraavista eduskuntapuolueista asteikolla 0–10? 0 tarkoittaa, että et pidä puolueesta lainkaan ja 10, että pidät puolueesta erittäin paljon. Jos et tiedä jostain puolueesta tarpeeksi, sinun ei tarvitse arvioida sitä. - Suomen ruotsalainen kansanpuolue (RKP)","Mitä mieltä olet seuraavista eduskuntapuolueista asteikolla 0–10? 0 tarkoittaa, että et pidä puolueesta lainkaan ja 10, että pidät puolueesta erittäin paljon. Jos et tiedä jostain puolueesta tarpeeksi, sinun ei tarvitse arvioida sitä. - Suomen Kristillisdemokraatit (KD)","Mitä mieltä olet seuraavista eduskuntapuolueista asteikolla 0–10? 0 tarkoittaa, että et pidä puolueesta lainkaan ja 10, että pidät puolueesta erittäin paljon. Jos et tiedä jostain puolueesta tarpeeksi, sinun ei tarvitse arvioida sitä. - Liike Nyt",Minkä puolueen tai ryhmittymän ehdokasta äänestit vuoden 2023 eduskuntavaaleissa?,"Mitä mieltä olet seuraavista väittämistä? - Hallituksen on voitava sensuroida tiedotusvälineitä, jotka ovat kohtuuttoman kriittisiä hallitusta kohtaan.","Mitä mieltä olet seuraavista väittämistä? - Mielenosoitusoikeutta on suojeltava, vaikka mielenosoitus hankaloittaisi muiden arkea.","Mitä mieltä olet seuraavista väittämistä? - Hallituksen pitäisi voida olla välittämättä sellaisista tuomioistuinten päätöksistä, joita se pitää poliittisesti puolueellisina.","Mitä mieltä olet seuraavista väittämistä? - Kansanedustajien pitäisi voida kyseenalaistaa ja valvoa hallituksen päätöksiä, vaikka se hidastaisi päätösten toimeenpanoa.",Mitä mieltä olet seuraavista väittämistä? - Hallituksen pitäisi voida venyttää lainsäädännön rajoja ratkaistakseen kiireellisiä yhteiskunnallisia ongelmia.,"Mitä mieltä olet seuraavista väittämistä? - Maamme toimisi paremmin, jos poliittiset päätökset jätettäisiin riippumattomien, EI vaaleilla valittujen asiantuntijoiden tehtäväksi poliitikkojen sijasta.","Mitä mieltä olet seuraavista väittämistä? - Maamme toimisi paremmin, jos poliittiset päätökset jätettäisiin menestyneiden yritysjohtajien tehtäväksi poliitikkojen sijasta.",opp,gc,term,Q_BallotBoxStuffing,Q_TotalDuration,expected_loi,expected_ir,expected_n,geo_IP,Q_CHL,rid,RISN,LS,transaction_id,SVID,PS,psid,K2,med,_k,entrySigCheck,V,tg,orderNumber
"{""ImportId"":""startDate"",""timeZone"":""America/Denver""}","{""ImportId"":""endDate"",""timeZone"":""America/Denver""}","{""ImportId"":""status""}","{""ImportId"":""ipAddress""}","{""ImportId"":""progress""}","{""ImportId"":""duration""}","{""ImportId"":""finished""}","{""ImportId"":""recordedDate"",""timeZone"":""America/Denver""}","{""ImportId"":""_recordId""}","{""ImportId"":""recipientLastName""}","{""ImportId"":""recipientFirstName""}","{""ImportId"":""recipientEmail""}","{""ImportId"":""externalDataReference""}","{""ImportId"":""locationLatitude""}","{""ImportId"":""locationLongitude""}","{""ImportId"":""distributionChannel""}","{""ImportId"":""userLanguage""}","{""ImportId"":""Q_RecaptchaScore""}","{""ImportId"":""Q_RelevantIDDuplicate""}","{""ImportId"":""Q_RelevantIDDuplicateScore""}","{""ImportId"":""Q_RelevantIDFraudScore""}","{""ImportId"":""Q_RelevantIDLastStartDate"",""timeZone"":""UTC""}","{""ImportId"":""QID3""}","{""ImportId"":""QID4""}","{""ImportId"":""QID5""}","{""ImportId"":""QID6""}","{""ImportId"":""QID8_1""}","{""ImportId"":""QID8_2""}","{""ImportId"":""QID9_1""}","{""ImportId"":""QID9_2""}","{""ImportId"":""QID9_3""}","{""ImportId"":""QID9_4""}","{""ImportId"":""QID9_5""}","{""ImportId"":""QID9_6""}","{""ImportId"":""QID9_7""}","{""ImportId"":""QID11""}","{""ImportId"":""QID10_1""}","{""ImportId"":""QID10_2""}","{""ImportId"":""QID10_3""}","{""ImportId"":""QID10_4""}","{""ImportId"":""QID10_5""}","{""ImportId"":""QID19_1""}","{""ImportId"":""QID19_2""}","{""ImportId"":""QID19_3""}","{""ImportId"":""QID19_4""}","{""ImportId"":""QID19_5""}","{""ImportId"":""QID19_6""}","{""ImportId"":""QID19_7""}","{""ImportId"":""QID19_8""}","{""ImportId"":""QID19_9""}","{""ImportId"":""QID19_10""}","{""ImportId"":""QID19_11""}","{""ImportId"":""QID19_12""}","{""ImportId"":""QID23_1""}","{""ImportId"":""QID23_2""}","{""ImportId"":""QID23_3""}","{""ImportId"":""QID23_4""}","{""ImportId"":""QID23_5""}","{""ImportId"":""QID23_6""}","{""ImportId"":""QID23_7""}","{""ImportId"":""QID23_8""}","{""ImportId"":""QID23_9""}","{""ImportId"":""QID23_10""}","{""ImportId"":""QID23_11""}","{""ImportId"":""QID23_12""}","{""ImportId"":""QID27_1""}","{""ImportId"":""QID27_2""}","{""ImportId"":""QID27_3""}","{""ImportId"":""QID27_4""}","{""ImportId"":""QID27_5""}","{""ImportId"":""QID27_6""}","{""ImportId"":""QID27_7""}","{""ImportId"":""QID27_8""}","{""ImportId"":""QID27_9""}","{""ImportId"":""QID26_1""}","{""ImportId"":""QID26_2""}","{""ImportId"":""QID26_3""}","{""ImportId"":""QID26_4""}","{""ImportId"":""QID26_5""}","{""ImportId"":""QID26_6""}","{""ImportId"":""QID26_7""}","{""ImportId"":""QID26_8""}","{""ImportId"":""QID26_9""}","{""ImportId"":""QID15""}","{""ImportId"":""QID13_1""}","{""ImportId"":""QID13_2""}","{""ImportId"":""QID13_3""}","{""ImportId"":""QID13_4""}","{""ImportId"":""QID13_5""}","{""ImportId"":""QID13_6""}","{""ImportId"":""QID13_7""}","{""ImportId"":""opp""}","{""ImportId"":""gc""}","{""ImportId"":""term""}","{""ImportId"":""Q_BallotBoxStuffing""}","{""ImportId"":""Q_TotalDuration""}","{""ImportId"":""expected_loi""}","{""ImportId"":""expected_ir""}","{""ImportId"":""expected_n""}","{""ImportId"":""geo_IP""}","{""ImportId"":""Q_CHL""}","{""ImportId"":""rid""}","{""ImportId"":""RISN""}","{""ImportId"":""LS""}","{""ImportId"":""transaction_id""}","{""ImportId"":""SVID""}","{""ImportId"":""PS""}","{""ImportId"":""psid""}","{""ImportId"":""K2""}","{""ImportId"":""med""}","{""ImportId"":""_k""}","{""ImportId"":""entrySigCheck""}","{""ImportId"":""V""}","{""ImportId"":""tg""}","{""ImportId"":""orderNumber""}"
2024-12-09 05:37:36,2024-12-09 05:39:55,Survey Preview,,100,138,True,2024-12-09 05:39:55,R_2FCwwry8WmZEWVx,,,,,60.4487,22.2704,preview,FI,,,,,,25-34,Muu/en halua sanoa,Etelä-Suomi,Muu/en osaa sanoa,5,5,5,5,5,5,5,,,En osaa sanoa,Ei samaa eikä eri mieltä,En osaa sanoa,En osaa sanoa,En osaa sanoa,En osaa sanoa,En osaa sanoa,En osaa sanoa,En osaa sanoa,En osaa sanoa,En osaa sanoa,En osaa sanoa,En osaa sanoa,En osaa sanoa,En osaa sanoa,En osaa sanoa,En osaa sanoa,En osaa sanoa,En osaa sanoa,En osaa sanoa,En osaa sanoa,En osaa sanoa,En osaa sanoa,En osaa sanoa,En osaa sanoa,En osaa sanoa,En osaa sanoa,En osaa sanoa,En osaa sanoa,En osaa sanoa,,,,,,,,,,,,,,,,,,,Muu puolue tai ryhmittymä,En osaa sanoa,En osaa sanoa,En osaa sanoa,En osaa sanoa,En osaa sanoa,En osaa sanoa,En osaa sanoa,,,,,138,,,,,preview,,,,,,,,,,,,,,
2024-12-09 08:31:52,2024-12-09 08:36:35,Survey Preview,,100,282,True,2024-12-09 08:36:35,R_2qlaACMXjHAy8tq,,,,,60.4487,22.2704,preview,FI,,,,,,25-34,Muu/en halua sanoa,Etelä-Suomi,Muu/en osaa sanoa,5,5,5,5,5,5,5,5,5,En osaa sanoa,Ei samaa eikä eri mieltä,Ei samaa eikä eri mieltä,Ei samaa eikä eri mieltä,Ei samaa eikä eri mieltä,Ei samaa eikä eri mieltä,Pysynyt samana,Pysynyt samana,Pysynyt samana,Pysynyt samana,Pysynyt samana,Pysynyt samana,Pysynyt samana,Pysynyt samana,Pysynyt samana,Pysynyt samana,Pysynyt samana,Pysynyt samana,5,5,5,5,5,5,5,5,5,5,5,5,,,,,,,,,,,,,,,,,,,Kansallinen Kokoomus (KOK),Ei samaa eikä eri mieltä,Ei samaa eikä eri mieltä,Ei samaa eikä eri mieltä,Ei samaa eikä eri mieltä,Ei samaa eikä eri mieltä,Ei samaa eikä eri mieltä,Ei samaa eikä eri mieltä,,,,,282,,,,,preview,,,,,,,,,,,,,,
2024-12-10 02:08:15,2024-12-10 02:11:14,Survey Preview,,100,179,True,2024-12-10 02:11:14,R_8Qn1yxs3NYfN53r,,,,,60.4409,22.3021,preview,FI,,,,,,5,Muu/en halua sanoa,Etelä-Suomi,Muu/en osaa sanoa,5,5,5,5,5,5,5,5,5,En osaa sanoa,En osaa sanoa,En osaa sanoa,En osaa sanoa,En osaa sanoa,En osaa sanoa,En osaa sanoa,En osaa sanoa,En osaa sanoa,En osaa sanoa,En osaa sanoa,En osaa sanoa,En osaa sanoa,En osaa sanoa,En osaa sanoa,En osaa sanoa,En osaa sanoa,En osaa sanoa,En osaa sanoa,En osaa sanoa,En osaa sanoa,En osaa sanoa,En osaa sanoa,En osaa sanoa,En osaa sanoa,En osaa sanoa,En osaa sanoa,En osaa sanoa,En osaa sanoa,En osaa sanoa,,,,,,,,,,,,,,,,,,,En osaa sanoa,En osaa sanoa,Jokseenkin samaa mieltä,En osaa sanoa,En osaa sanoa,En osaa sanoa,En osaa sanoa,En osaa sanoa,,,,,179,,,,,preview,,,,,,,,,,,,,,
2024-12-10 02:11:20,2024-12-10 02:14:18,Survey Preview,,100,178,True,2024-12-10 02:14:19,R_8zl78URzVf3XS2U,,,,,60.4409,22.3021,preview,FI,,,,,,5,Muu/en halua sanoa,Pohjois- ja Itä-Suomi,Muu/en osaa sanoa,5,5,,,,,,,,,,,,,,,,,,,,,,,,,,,,,,,,,,,,,,,,,,,,,,,,,,,,,,,,Suomen ruotsalainen kansanpuolue (RKP),Täysin eri mieltä,Täysin eri mieltä,Täysin eri mieltä,En osaa sanoa,En osaa sanoa,Ei samaa eikä eri mieltä,Täysin eri mieltä,,,,,178,,,,,preview,,,,,,,,,,,,,,
2024-12-10 05:27:00,2024-12-10 05:36:12,Survey Preview,,100,552,True,2024-12-10 05:36:12,R_8YDRIFntJSBt3EZ,,,,,60.46,22.3119,preview,FI,,,,,,35-44,Mies,Länsi-Suomi,Yliopistotutkinto,9,8,9,9,9,8,9,9,9,Jonkin verran kiinnostunut,Täysin samaa mieltä,Jokseenkin eri mieltä,Täysin samaa mieltä,Jokseenkin samaa mieltä,Täysin samaa mieltä,Jonkin verran huonompaan,En osaa sanoa,Jonkin verran parempaan,Pysynyt samana,Pysynyt samana,Pysynyt samana,Pysynyt samana,Jonkin verran parempaan,Jonkin verran parempaan,Jonkin verran parempaan,Paljon parempaan,Pysynyt samana,2,En osaa sanoa,2,2,2,2,3,6,5,6,7,2,6,5,7,6,5,3,7,6,6,6,6,7,6,7,4,7,6,6,Kansallinen Kokoomus (KOK),Täysin eri mieltä,Jokseenkin eri mieltä,Täysin eri mieltä,Jokseenkin eri mieltä,Jokseenkin eri mieltä,Jokseenkin eri mieltä,Ei samaa eikä eri mieltä,,,,,552,,,,,preview,,,,,,,,,,,,,,
2024-12-11 01:27:01,2024-12-11 01:33:15,Survey Preview,,100,373,True,2024-12-11 01:33:15,R_8wETTqPyqsaME44,,,,,60.4409,22.3021,preview,FI,,,,,,,,,,5,5,En osaa sanoa,En osaa sanoa,En osaa sanoa,En osaa sanoa,En osaa sanoa,En osaa sanoa,En osaa sanoa,Hyvin kiinnostunut,En osaa sanoa,En osaa sanoa,En osaa sanoa,En osaa sanoa,En osaa sanoa,En osaa sanoa,En osaa sanoa,En osaa sanoa,En osaa sanoa,En osaa sanoa,En osaa sanoa,En osaa sanoa,En osaa sanoa,En osaa sanoa,En osaa sanoa,En osaa sanoa,En osaa sanoa,En osaa sanoa,En osaa sanoa,En osaa sanoa,En osaa sanoa,En osaa sanoa,En osaa sanoa,En osaa sanoa,En osaa sanoa,En osaa sanoa,En osaa sanoa,En osaa sanoa,En osaa sanoa,,,,,,,,En osaa sanoa,En osaa sanoa,En osaa sanoa,En osaa sanoa,En osaa sanoa,En osaa sanoa,En osaa sanoa,En osaa sanoa,En osaa sanoa,En osaa sanoa,,En äänestänyt,En osaa sanoa,En osaa sanoa,En osaa sanoa,En osaa sanoa,En osaa sanoa,En osaa sanoa,En osaa sanoa,,,,,373,,,,,preview,,,,,,,,,,,,,,
2024-12-11 01:33:52,2024-12-11 01:36:34,Survey Preview,,100,162,True,2024-12-11 01:36:34,R_8yrTuvvG4HmDPty,,,,,60.4409,22.3021,preview,FI,,,,,,5,Muu/en halua sanoa,Pohjois- ja Itä-Suomi,Muu/en osaa sanoa,5,5,En osaa sanoa,En osaa sanoa,En osaa sanoa,En osaa sanoa,En osaa sanoa,En osaa sanoa,En osaa sanoa,En osaa sanoa,En osaa sanoa,En osaa sanoa,En osaa sanoa,En osaa sanoa,En osaa sanoa,En osaa sanoa,En osaa sanoa,En osaa sanoa,En osaa sanoa,En osaa sanoa,En osaa sanoa,En osaa sanoa,En osaa sanoa,En osaa sanoa,En osaa sanoa,En osaa sanoa,En osaa sanoa,En osaa sanoa,En osaa sanoa,En osaa sanoa,En osaa sanoa,En osaa sanoa,En osaa sanoa,En osaa sanoa,En osaa sanoa,En osaa sanoa,En osaa sanoa,En osaa sanoa,En osaa sanoa,En osaa sanoa,En osaa sanoa,En osaa sanoa,En osaa sanoa,En osaa sanoa,En osaa sanoa,En osaa sanoa,En osaa sanoa,En osaa sanoa,En osaa sanoa,En osaa sanoa,En osaa sanoa,En osaa sanoa,En osaa sanoa,En osaa sanoa,En osaa sanoa,En osaa sanoa,En osaa sanoa,Vihreä liitto (VIHR),En osaa sanoa,En osaa sanoa,En osaa sanoa,Täysin samaa mieltä,En osaa sanoa,En osaa sanoa,En osaa sanoa,,,,,162,,,,,preview,,,,,,,,,,,,,,
2024-12-11 07:16:02,2024-12-11 07:40:47,Survey Preview,,100,1484,True,2024-12-11 07:40:47,R_2oFy0tN1pt1515L,,,,,60.434,22.2552,preview,FI,,,,,,18-24,Nainen,Helsinki ja Uusimaa,Muu/en osaa sanoa,1,5,En osaa sanoa,En luota ollenkaan 0,En luota ollenkaan 0,Luotan täysin 10,En luota ollenkaan 0,En luota ollenkaan 0,4,En osaa sanoa,Jokseenkin eri mieltä,Jokseenkin eri mieltä,En osaa sanoa,Jokseenkin samaa mieltä,Jokseenkin eri mieltä,En osaa sanoa,Jonkin verran huonompaan,Jonkin verran huonompaan,Paljon huonompaan,Jonkin verran huonompaan,Jonkin verran parempaan,Jonkin verran huonompaan,Paljon parempaan,Paljon parempaan,Paljon parempaan,Paljon parempaan,Jonkin verran parempaan,1,5,5,3,6,9,,,,,,,,,,,,,,,,,,,,,,,,,Suomen Sosialidemokraattinen Puolue (SDP),,,,,,,,,,,,1484,,,,,preview,,,,,,,,,,,,,,
2024-12-13 00:50:23,2024-12-13 01:12:40,Survey Preview,,100,1336,True,2024-12-13 01:12:40,R_24cnwMkdIOhg82B,,,,,60.46,22.3119,preview,FI,,,,,,5,Nainen,Länsi-Suomi,Yliopistotutkinto,8,5,6,6,6,5,5,7,En osaa sanoa,Hyvin kiinnostunut,Jokseenkin samaa mieltä,Täysin eri mieltä,Täysin samaa mieltä,Täysin samaa mieltä,Täysin samaa mieltä,Pysynyt samana,En osaa sanoa,En osaa sanoa,Jonkin verran huonompaan,Jonkin verran huonompaan,Jonkin verran huonompaan,En osaa sanoa,En osaa sanoa,Jonkin verran huonompaan,Jonkin verran huonompaan,Jonkin verran parempaan,Jonkin verran huonompaan,8,En osaa sanoa,En osaa sanoa,8,8,8,8,En osaa sanoa,7,9,9,7,7,Ei lainkaan lähellä 0,3,2,8,7,6,3,En osaa sanoa,7,En pidä ollenkaan 0,5,4,8,9,7,2,En osaa sanoa,Vihreä liitto (VIHR),Täysin eri mieltä,Jokseenkin samaa mieltä,Täysin eri mieltä,Jokseenkin samaa mieltä,Jokseenkin eri mieltä,Ei samaa eikä eri mieltä,Täysin eri mieltä,,,,,1336,,,,,preview,,,,,,,,,,,,,,
2024-12-13 03:02:10,2024-12-13 03:21:54,Survey Preview,,100,1183,True,2024-12-13 03:21:54,R_2hbwW8KJYjnoNvW,,,,,60.5073,22.4691,preview,FI,,,,,,,,,,,,,,,,,,,,,,,,,,,,,,,,,,,,,,,,,,,,,,,,,,,,,,,,,,,,,,,,,,,En osaa sanoa,,,,,,,,,,,,1183,,,,,preview,,,,,,,,,,,,,,
2024-12-16 08:55:59,2024-12-16 08:58:49,Survey Preview,,100,169,True,2024-12-16 08:58:49,R_8cnP8WXzvKCEmuB,,,,,60.4409,22.3021,preview,FI,,,,,,5,Muu/en halua sanoa,Pohjois- ja Itä-Suomi,Muu/en osaa sanoa,5,,En osaa sanoa,En osaa sanoa,En osaa sanoa,En osaa sanoa,En osaa sanoa,En osaa sanoa,En osaa sanoa,Jonkin verran kiinnostunut,,,,,,,,,,,,,,,,,,,,,,,,,,,,,,,,,,,,,,,,,,,,,,,,Liike Nyt,En osaa sanoa,En osaa sanoa,En osaa sanoa,En osaa sanoa,En osaa sanoa,En osaa sanoa,En osaa sanoa,,,,,169,,,,,preview,,,,,,,,,,,,,,
2024-12-17 07:17:50,2024-12-17 07:20:07,Survey Preview,,100,136,True,2024-12-17 07:20:07,R_8qdy9IJs4Ep0YgX,,,,,60.4487,22.2704,preview,FI,,,,,,55+,Muu/en halua sanoa,Pohjois- ja Itä-Suomi,Muu/en osaa sanoa,5,5,En osaa sanoa,En osaa sanoa,En osaa sanoa,En osaa sanoa,En osaa sanoa,En osaa sanoa,En osaa sanoa,En osaa sanoa,En osaa sanoa,En osaa sanoa,En osaa sanoa,En osaa sanoa,En osaa sanoa,En osaa sanoa,En osaa sanoa,En osaa sanoa,En osaa sanoa,En osaa sanoa,En osaa sanoa,En osaa sanoa,En osaa sanoa,En osaa sanoa,En osaa sanoa,En osaa sanoa,En osaa sanoa,En osaa sanoa,En osaa sanoa,En osaa sanoa,En osaa sanoa,En osaa sanoa,En osaa sanoa,En osaa sanoa,En osaa sanoa,En osaa sanoa,En osaa sanoa,En osaa sanoa,En osaa sanoa,En osaa sanoa,En osaa sanoa,En osaa sanoa,En osaa sanoa,En osaa sanoa,En osaa sanoa,En osaa sanoa,En osaa sanoa,En osaa sanoa,En osaa sanoa,En osaa sanoa,En osaa sanoa,En osaa sanoa,En osaa sanoa,En osaa sanoa,En osaa sanoa,En osaa sanoa,En osaa sanoa,Muu puolue tai ryhmittymä,En osaa sanoa,En osaa sanoa,En osaa sanoa,En osaa sanoa,En osaa sanoa,En osaa sanoa,En osaa sanoa,,,,,136,,,,,preview,,,,,,,,,,,,,,
2025-01-08 04:48:49,2025-01-08 05:04:00,Survey Preview,,100,911,True,2025-01-08 05:04:01,R_8qi1mr3iAoENvl7,,,,,60.4409,22.3021,preview,FI,1,,0,0,,45-54,Muu/en halua sanoa,Pohjois- ja Itä-Suomi,Muu/en osaa sanoa,5,5,En osaa sanoa,En osaa sanoa,En osaa sanoa,En osaa sanoa,En osaa sanoa,En osaa sanoa,En osaa sanoa,En osaa sanoa,En osaa sanoa,En osaa sanoa,En osaa sanoa,En osaa sanoa,En osaa sanoa,En osaa sanoa,En osaa sanoa,En osaa sanoa,En osaa sanoa,En osaa sanoa,En osaa sanoa,En osaa sanoa,En osaa sanoa,En osaa sanoa,En osaa sanoa,En osaa sanoa,En osaa sanoa,En osaa sanoa,En osaa sanoa,En osaa sanoa,En osaa sanoa,En osaa sanoa,En osaa sanoa,En osaa sanoa,En osaa sanoa,En osaa sanoa,En osaa sanoa,En osaa sanoa,En osaa sanoa,En osaa sanoa,En osaa sanoa,En osaa sanoa,En osaa sanoa,En osaa sanoa,En osaa sanoa,En osaa sanoa,En osaa sanoa,En osaa sanoa,En osaa sanoa,En osaa sanoa,En osaa sanoa,En osaa sanoa,En osaa sanoa,En osaa sanoa,En osaa sanoa,En osaa sanoa,En osaa sanoa,Vasemmistoliitto (VAS),En osaa sanoa,En osaa sanoa,En osaa sanoa,En osaa sanoa,En osaa sanoa,En osaa sanoa,En osaa sanoa,Qual73530196-3004-Finland,1,,,911,10,0.6,1500,FI,preview,,,,,,,,,,,,,,
2025-01-09 00:23:36,2025-01-09 00:25:17,Survey Preview,,100,100,True,2025-01-09 00:25:17,R_2Eo9TsweiFhyDwk,,,,,60.2289,24.8964,preview,FI,1,,0,0,,35-44,Nainen,Länsi-Suomi,Peruskoulu (luokat 1-9),5,10,,,,,,,,En osaa sanoa,,,,,,,,,,,,,,,,,,,,,,,,,,,,,,,,,,,,,,,,,,,,,,,,Perussuomalaiset (PS),,,,,,,En osaa sanoa,Qual73530196-3004-Finland,1,,,100,10,0.6,1500,FI,preview,,,,,,,,,,,,,,
2025-01-09 03:16:22,2025-01-09 03:18:00,IP Address,85.76.167.251,100,97,True,2025-01-09 03:18:01,R_8Mbc06PCxjRN5JT,,,,,60.2289,24.8964,anonymous,FI,1,,0,0,,25-34,Mies,Länsi-Suomi,Ylioppilastutkinto,10,10,Luotan täysin 10,Luotan täysin 10,Luotan täysin 10,7,7,6,8,Jonkin verran kiinnostunut,Täysin samaa mieltä,Täysin samaa mieltä,Ei samaa eikä eri mieltä,Jokseenkin eri mieltä,Ei samaa eikä eri mieltä,Paljon huonompaan,Jonkin verran parempaan,Jonkin verran huonompaan,Jonkin verran huonompaan,Pysynyt samana,Paljon huonompaan,En osaa sanoa,Paljon huonompaan,Paljon huonompaan,Jonkin verran huonompaan,Jonkin verran huonompaan,Jonkin verran huonompaan,9,7,7,4,5,5,5,7,7,6,9,7,5,5,7,8,2,6,5,7,1,6,6,7,2,6,6,En pidä ollenkaan 0,2,En pidä ollenkaan 0,Vasemmistoliitto (VAS),Täysin samaa mieltä,Täysin samaa mieltä,Jokseenkin eri mieltä,Jokseenkin eri mieltä,Jokseenkin eri mieltä,Jokseenkin samaa mieltä,Täysin samaa mieltä,Qual73530196-3004-Finland,1,,,97,10,0.6,1500,FI,anonymous,,,,6OUO9LjRt0MPf3FyiMpuv7,37679796,341,849ef96f-4314-e130-ac32-18151384ecf8,,,,,,,
2025-01-09 03:16:26,2025-01-09 03:19:37,IP Address,62.241.252.181,100,191,True,2025-01-09 03:19:38,R_2j7ipjUTsGJVjuy,,,,,60.1797,24.9344,anonymous,FI,0.6000000238418579,,0,0,,25-34,Mies,Helsinki ja Uusimaa,Ylempi opistoaste tai ammattikorkeakoulututkinto,8,7,9,9,9,9,9,9,9,Hyvin kiinnostunut,Täysin samaa mieltä,Täysin samaa mieltä,Jokseenkin samaa mieltä,Jokseenkin samaa mieltä,Jokseenkin samaa mieltä,Paljon huonompaan,Paljon huonompaan,Paljon huonompaan,Paljon huonompaan,Paljon huonompaan,Paljon huonompaan,Paljon huonompaan,Paljon huonompaan,Paljon huonompaan,Paljon huonompaan,Paljon huonompaan,Paljon huonompaan,9,9,9,8,8,8,8,8,8,8,8,8,8,8,9,9,9,9,8,8,8,8,9,9,9,9,8,9,8,8,Vasemmistoliitto (VAS),Jokseenkin samaa mieltä,Jokseenkin samaa mieltä,Jokseenkin samaa mieltä,Jokseenkin samaa mieltä,Jokseenkin samaa mieltä,Jokseenkin samaa mieltä,Jokseenkin samaa mieltä,Qual73530196-3004-Finland,1,,,191,10,0.6,1500,FI,anonymous,,,,4yWiwuLtIIXBAlbt5EFpkr,37679796,341,71291e58-11a2-e616-657d-b04c61c9b9a3,,,,,,,
2025-01-09 03:16:32,2025-01-09 03:19:53,IP Address,86.115.65.45,100,201,True,2025-01-09 03:19:54,R_21RgODddnpvlUIX,,,,,61.4966,23.7831,anonymous,FI,0.800000011920929,,0,0,,35-44,Nainen,Helsinki ja Uusimaa,Ammattitutkinto,6,5,Luotan täysin 10,7,1,9,6,3,4,Hyvin kiinnostunut,Täysin samaa mieltä,Täysin eri mieltä,Ei samaa eikä eri mieltä,Täysin samaa mieltä,Jokseenkin samaa mieltä,Pysynyt samana,Paljon huonompaan,Paljon huonompaan,Paljon huonompaan,Paljon huonompaan,Paljon huonompaan,Paljon huonompaan,Paljon huonompaan,Paljon huonompaan,Jonkin verran huonompaan,Pysynyt samana,Jonkin verran parempaan,4,6,9,2,4,9,5,Kehitys johtuu täysin hallituksen politiikasta 10,4,8,2,7,2,4,7,Erittäin lähellä 10,9,9,7,5,3,2,4,2,1,1,1,4,7,6,Vihreä liitto (VIHR),Jokseenkin eri mieltä,Ei samaa eikä eri mieltä,Ei samaa eikä eri mieltä,Jokseenkin eri mieltä,Jokseenkin samaa mieltä,Jokseenkin samaa mieltä,Täysin samaa mieltä,Qual73530196-3004-Finland,1,,,201,10,0.6,1500,FI,anonymous,,,,4Zm1rmvDneLWnIztdoH8Jm,37679796,341,a816c668-9afa-fa3f-1935-1e260fff8d56,,,,,,,
2025-01-09 03:17:22,2025-01-09 03:20:14,IP Address,176.72.77.81,100,172,True,2025-01-09 03:20:15,R_2E4W2PbxHlPW2nl,,,,,60.1797,24.9344,anonymous,FI,1,,0,0,,18-24,Mies,Helsinki ja Uusimaa,Ammattitutkinto,0,6,En luota ollenkaan 0,1,1,1,8,1,Luotan täysin 10,Jonkin verran kiinnostunut,Ei samaa eikä eri mieltä,Jokseenkin samaa mieltä,Ei samaa eikä eri mieltä,Ei samaa eikä eri mieltä,Jokseenkin samaa mieltä,Paljon huonompaan,Paljon huonompaan,Paljon huonompaan,Paljon huonompaan,Pysynyt samana,Paljon huonompaan,Paljon huonompaan,Pysynyt samana,Paljon huonompaan,Paljon huonompaan,Jonkin verran huonompaan,Pysynyt samana,5,6,7,7,6,5,7,6,5,6,6,6,Erittäin lähellä 10,9,8,7,6,7,8,7,7,9,8,7,6,7,8,9,8,7,Suomen Sosialidemokraattinen Puolue (SDP),Täysin samaa mieltä,Jokseenkin samaa mieltä,Täysin samaa mieltä,Ei samaa eikä eri mieltä,Täysin samaa mieltä,Täysin samaa mieltä,En osaa sanoa,Qual73530196-3004-Finland,1,,,172,10,0.6,1500,FI,anonymous,,,,6e1mQROJ2C7q0jlW6a4axo,37679796,341,eb06a888-4123-7986-8928-1f009b06677d,,,,,,,
2025-01-09 03:16:27,2025-01-09 03:20:28,IP Address,88.113.235.61,100,240,True,2025-01-09 03:20:28,R_8ffb9k5By3W73eT,,,,,60.1797,24.9344,anonymous,FI,1,,0,0,,35-44,Mies,Helsinki ja Uusimaa,Ammattitutkinto,2,0,En luota ollenkaan 0,1,En luota ollenkaan 0,En luota ollenkaan 0,1,1,En luota ollenkaan 0,Jonkin verran kiinnostunut,Täysin samaa mieltä,Täysin eri mieltä,Täysin samaa mieltä,Täysin samaa mieltä,Täysin samaa mieltä,Paljon huonompaan,Paljon huonompaan,Paljon huonompaan,Paljon huonompaan,Paljon huonompaan,Paljon huonompaan,Paljon huonompaan,Paljon huonompaan,Paljon huonompaan,Paljon huonompaan,Paljon huonompaan,Paljon huonompaan,9,9,Kehitys johtuu täysin hallituksen politiikasta 10,9,Kehitys johtuu täysin hallituksen politiikasta 10,Kehitys johtuu täysin hallituksen politiikasta 10,Kehitys johtuu täysin hallituksen politiikasta 10,Kehitys johtuu täysin hallituksen politiikasta 10,Kehitys johtuu täysin hallituksen politiikasta 10,Kehitys johtuu täysin hallituksen politiikasta 10,Kehitys johtuu täysin hallituksen politiikasta 10,Kehitys johtuu täysin hallituksen politiikasta 10,1,Ei lainkaan lähellä 0,Ei lainkaan lähellä 0,Ei lainkaan lähellä 0,9,7,Ei lainkaan lähellä 0,Ei lainkaan lähellä 0,Ei lainkaan lähellä 0,1,En pidä ollenkaan 0,En pidä ollenkaan 0,En pidä ollenkaan 0,9,7,En pidä ollenkaan 0,En pidä ollenkaan 0,En pidä ollenkaan 0,Vihreä liitto (VIHR),Täysin eri mieltä,Täysin samaa mieltä,Ei samaa eikä eri mieltä,Täysin samaa mieltä,Täysin eri mieltä,Täysin eri mieltä,Täysin eri mieltä,Qual73530196-3004-Finland,1,,,240,10,0.6,1500,FI,anonymous,,,,1NgKQEtW5RhguJofd3jOvL,37679796,341,b89c46fb-4e87-0f37-320e-77cf432582f5,,,,,,,
2025-01-09 03:15:11,2025-01-09 03:20:29,IP Address,37.33.188.185,100,318,True,2025-01-09 03:20:29,R_2yrIeaojWCBPgXf,,,,,60.1797,24.9344,anonymous,FI,1,,0,0,,55+,Nainen,Länsi-Suomi,Peruskoulu (luokat 1-9),6,8,4,4,3,3,5,5,5,En lainkaan kiinnostunut,Ei samaa eikä eri mieltä,Ei samaa eikä eri mieltä,Ei samaa eikä eri mieltä,Ei samaa eikä eri mieltä,Ei samaa eikä eri mieltä,Jonkin verran huonompaan,Paljon huonompaan,Jonkin verran huonompaan,Pysynyt samana,Jonkin verran huonompaan,Jonkin verran huonompaan,Paljon huonompaan,Jonkin verran huonompaan,Jonkin verran huonompaan,Jonkin verran huonompaan,Pysynyt samana,Jonkin verran huonompaan,4,4,4,3,5,6,5,4,4,6,4,4,Erittäin lähellä 10,En osaa sanoa,En osaa sanoa,En osaa sanoa,En osaa sanoa,En osaa sanoa,En osaa sanoa,En osaa sanoa,En osaa sanoa,Pidän erittäin paljon 10,En osaa sanoa,En pidä ollenkaan 0,En pidä ollenkaan 0,En osaa sanoa,En pidä ollenkaan 0,En osaa sanoa,En osaa sanoa,En osaa sanoa,En äänestänyt,En osaa sanoa,En osaa sanoa,En osaa sanoa,En osaa sanoa,En osaa sanoa,En osaa sanoa,En osaa sanoa,Qual73530196-3004-Finland,1,,,318,10,0.6,1500,FI,anonymous,,,,18wVnq2g1RBnUk0ktwCfaH,37679796,341,2e868851-9606-31f1-dfec-9d7c00e39afb,,,,,,,
2025-01-09 03:16:41,2025-01-09 03:20:30,IP Address,176.72.77.2,100,229,True,2025-01-09 03:20:30,R_2IXXJO0WJJVPOp7,,,,,60.1797,24.9344,anonymous,FI,1,,0,10,,35-44,Mies,Etelä-Suomi,Ammattitutkinto,6,7,6,Luotan täysin 10,Luotan täysin 10,9,Luotan täysin 10,7,8,Hyvin kiinnostunut,Jokseenkin eri mieltä,Täysin samaa mieltä,Täysin samaa mieltä,Jokseenkin eri mieltä,Jokseenkin samaa mieltä,Jonkin verran parempaan,Pysynyt samana,Jonkin verran huonompaan,Paljon huonompaan,Jonkin verran parempaan,Jonkin verran huonompaan,En osaa sanoa,Paljon huonompaan,En osaa sanoa,Paljon parempaan,Pysynyt samana,Pysynyt samana,8,9,4,Kehitys johtuu täysin hallituksen politiikasta 10,9,1,5,4,9,6,8,5,Erittäin lähellä 10,8,4,6,5,9,8,Erittäin lähellä 10,7,6,8,8,5,Pidän erittäin paljon 10,8,7,9,9,Suomen Keskusta (KESK),Ei samaa eikä eri mieltä,Täysin eri mieltä,En osaa sanoa,Ei samaa eikä eri mieltä,En osaa sanoa,Jokseenkin eri mieltä,Jokseenkin samaa mieltä,Qual73530196-3004-Finland,1,,,229,10,0.6,1500,FI,anonymous,,,,59uWrWT7kXtQBtqoD0cPsP,37679796,341,cdd4592c-3327-9530-6aae-102b0762d495,,,,,,,
2025-01-09 03:18:19,2025-01-09 03:21:31,IP Address,87.94.111.10,100,191,True,2025-01-09 03:21:31,R_2wyoDgKewhkGNqX,,,,,60.1797,24.9344,anonymous,FI,0.8999999761581421,,0,0,,25-34,Nainen,Helsinki ja Uusimaa,Yliopistotutkinto,7,7,8,3,7,7,7,6,2,Vain vähän kiinnostunut,Täysin samaa mieltä,Jokseenkin samaa mieltä,Jokseenkin samaa mieltä,Jokseenkin samaa mieltä,Jokseenkin samaa mieltä,Jonkin verran huonompaan,Pysynyt samana,Pysynyt samana,Pysynyt samana,Pysynyt samana,Pysynyt samana,Pysynyt samana,Pysynyt samana,Pysynyt samana,Pysynyt samana,Pysynyt samana,Jonkin verran parempaan,2,5,7,7,6,7,8,7,9,2,3,6,7,9,9,8,8,9,9,8,9,6,8,9,8,7,7,7,7,9,Perussuomalaiset (PS),Jokseenkin samaa mieltä,Täysin samaa mieltä,Jokseenkin samaa mieltä,Jokseenkin samaa mieltä,Täysin samaa mieltä,Täysin samaa mieltä,Jokseenkin samaa mieltä,Qual73530196-3004-Finland,1,,,191,10,0.6,1500,FI,anonymous,,,,7xZLPRTOLmnSCkpHOeGV73,37679796,341,8d5755da-388c-ae5c-0def-e955972ba9d6,,,,,,,
2025-01-09 03:16:27,2025-01-09 03:22:04,IP Address,213.28.224.80,100,337,True,2025-01-09 03:22:04,R_2ibaStpaAUcCGFu,,,,,60.1999,24.9246,anonymous,FI,1,,0,0,,35-44,Mies,Etelä-Suomi,Yliopistotutkinto,8,5,9,6,7,5,7,Luotan täysin 10,Luotan täysin 10,Jonkin verran kiinnostunut,Täysin samaa mieltä,Jokseenkin eri mieltä,Täysin samaa mieltä,Jokseenkin samaa mieltä,Täysin samaa mieltä,Jonkin verran huonompaan,Jonkin verran huonompaan,Jonkin verran huonompaan,Jonkin verran huonompaan,Jonkin verran huonompaan,Jonkin verran huonompaan,Jonkin verran huonompaan,Jonkin verran huonompaan,Jonkin verran huonompaan,Pysynyt samana,Jonkin verran parempaan,Jonkin verran parempaan,5,4,4,4,4,4,6,4,4,6,6,6,5,Ei lainkaan lähellä 0,7,5,2,1,3,Ei lainkaan lähellä 0,2,7,En pidä ollenkaan 0,8,6,3,2,5,En pidä ollenkaan 0,3,Kansallinen Kokoomus (KOK),Täysin eri mieltä,Täysin eri mieltä,Täysin eri mieltä,Jokseenkin samaa mieltä,Jokseenkin eri mieltä,Jokseenkin samaa mieltä,Jokseenkin eri mieltä,Qual73530196-3004-Finland,1,,,337,10,0.6,1500,FI,anonymous,,,,7qTfRHoiYWD4HdeRL2Zedg,37679796,341,9d867da8-3d74-eee3-0016-09e244353c03,,,,,,,
2025-01-09 03:17:31,2025-01-09 03:22:10,IP Address,88.114.242.214,100,278,True,2025-01-09 03:22:10,R_2CBo85kULqbh7rf,,,,,62.6267,29.6756,anonymous,FI,1,,0,0,,35-44,Mies,Pohjois- ja Itä-Suomi,Ammattitutkinto,9,8,7,7,7,7,8,9,9,Hyvin kiinnostunut,Täysin samaa mieltä,Täysin eri mieltä,Täysin samaa mieltä,Täysin samaa mieltä,Täysin samaa mieltä,Pysynyt samana,Pysynyt samana,Pysynyt samana,Pysynyt samana,Jonkin verran parempaan,Jonkin verran parempaan,Jonkin verran huonompaan,Pysynyt samana,Jonkin verran huonompaan,Pysynyt samana,Paljon parempaan,Jonkin verran parempaan,9,9,9,Kehitys johtuu täysin hallituksen politiikasta 10,5,7,Kehitys johtuu täysin hallituksen politiikasta 10,9,Kehitys johtuu täysin hallituksen politiikasta 10,3,5,7,7,2,1,1,5,Erittäin lähellä 10,5,5,6,7,2,1,1,5,Pidän erittäin paljon 10,5,5,7,Vasemmistoliitto (VAS),Täysin eri mieltä,Ei samaa eikä eri mieltä,Ei samaa eikä eri mieltä,Jokseenkin samaa mieltä,Jokseenkin samaa mieltä,Ei samaa eikä eri mieltä,Täysin eri mieltä,Qual73530196-3004-Finland,1,,,278,10,0.6,1500,FI,anonymous,,,,2rR9ukCxVHb9ads1q79Lcs,37679796,341,5f54e21c-12a3-d194-69f6-193d8ee12605,,,,,,,
2025-01-09 03:15:59,2025-01-09 03:22:36,IP Address,37.136.84.11,100,396,True,2025-01-09 03:22:36,R_2f9y4Jod1aVtdBz,,,,,65.0226,25.4783,anonymous,FI,0.800000011920929,,0,10,,45-54,Mies,Etelä-Suomi,Ammattitutkinto,10,10,Luotan täysin 10,Luotan täysin 10,Luotan täysin 10,Luotan täysin 10,Luotan täysin 10,Luotan täysin 10,Luotan täysin 10,En lainkaan kiinnostunut,Jokseenkin eri mieltä,Täysin samaa mieltä,Täysin samaa mieltä,Jokseenkin samaa mieltä,Täysin samaa mieltä,Jonkin verran parempaan,Jonkin verran huonompaan,Jonkin verran huonompaan,Paljon huonompaan,Paljon parempaan,Paljon parempaan,Jonkin verran huonompaan,Paljon huonompaan,Paljon huonompaan,Paljon parempaan,Paljon parempaan,Paljon parempaan,Kehitys johtuu täysin hallituksen politiikasta 10,Kehitys johtuu täysin hallituksen politiikasta 10,Kehitys johtuu täysin hallituksen politiikasta 10,Kehitys johtuu täysin hallituksen politiikasta 10,Kehitys johtuu täysin hallituksen politiikasta 10,Kehitys johtuu täysin hallituksen politiikasta 10,Kehitys johtuu täysin hallituksen politiikasta 10,Kehitys johtuu täysin hallituksen politiikasta 10,Kehitys johtuu täysin hallituksen politiikasta 10,Kehitys johtuu täysin hallituksen politiikasta 10,Kehitys johtuu täysin hallituksen politiikasta 10,Kehitys johtuu täysin hallituksen politiikasta 10,Erittäin lähellä 10,Erittäin lähellä 10,Erittäin lähellä 10,Erittäin lähellä 10,Erittäin lähellä 10,Erittäin lähellä 10,Erittäin lähellä 10,Erittäin lähellä 10,Erittäin lähellä 10,Pidän erittäin paljon 10,Pidän erittäin paljon 10,Pidän erittäin paljon 10,Pidän erittäin paljon 10,Pidän erittäin paljon 10,Pidän erittäin paljon 10,Pidän erittäin paljon 10,Pidän erittäin paljon 10,Pidän erittäin paljon 10,Perussuomalaiset (PS),Täysin eri mieltä,Täysin eri mieltä,Täysin eri mieltä,Täysin eri mieltä,Täysin eri mieltä,Täysin eri mieltä,Täysin eri mieltä,Qual73530196-3004-Finland,1,,,396,10,0.6,1500,FI,anonymous,,,,3l8lqBXh9957ITkmRTAmuO,37679796,341,0aaa0487-4935-aff7-50b4-96440b6b55be,,,,,,,
2025-01-09 03:17:30,2025-01-09 03:23:06,IP Address,85.76.41.64,100,335,True,2025-01-09 03:23:06,R_2109p5TXn0SJkYI,,,,,60.2473,25.0207,anonymous,FI,1,,0,0,,45-54,Mies,Pohjois- ja Itä-Suomi,Ammattitutkinto,2,2,En luota ollenkaan 0,En luota ollenkaan 0,En luota ollenkaan 0,En luota ollenkaan 0,En luota ollenkaan 0,En luota ollenkaan 0,2,Jonkin verran kiinnostunut,Jokseenkin samaa mieltä,Täysin eri mieltä,Täysin samaa mieltä,Täysin samaa mieltä,Täysin samaa mieltä,Paljon huonompaan,Paljon huonompaan,Paljon huonompaan,Paljon huonompaan,Paljon huonompaan,Pysynyt samana,Paljon huonompaan,Paljon huonompaan,Paljon huonompaan,Paljon huonompaan,Paljon huonompaan,Paljon huonompaan,Kehitys johtuu täysin hallituksen politiikasta 10,Kehitys johtuu täysin hallituksen politiikasta 10,Kehitys johtuu täysin hallituksen politiikasta 10,Kehitys johtuu täysin hallituksen politiikasta 10,Kehitys johtuu täysin hallituksen politiikasta 10,Kehitys johtuu täysin hallituksen politiikasta 10,Kehitys johtuu täysin hallituksen politiikasta 10,Kehitys johtuu täysin hallituksen politiikasta 10,Kehitys johtuu täysin hallituksen politiikasta 10,Kehitys johtuu täysin hallituksen politiikasta 10,Kehitys johtuu täysin hallituksen politiikasta 10,Kehitys johtuu täysin hallituksen politiikasta 10,Ei lainkaan lähellä 0,2,Ei lainkaan lähellä 0,Ei lainkaan lähellä 0,Ei lainkaan lähellä 0,Ei lainkaan lähellä 0,Ei lainkaan lähellä 0,Ei lainkaan lähellä 0,Ei lainkaan lähellä 0,En pidä ollenkaan 0,1,En pidä ollenkaan 0,En pidä ollenkaan 0,En pidä ollenkaan 0,En pidä ollenkaan 0,En pidä ollenkaan 0,En pidä ollenkaan 0,En pidä ollenkaan 0,En äänestänyt,Täysin eri mieltä,Ei samaa eikä eri mieltä,Ei samaa eikä eri mieltä,Ei samaa eikä eri mieltä,Jokseenkin samaa mieltä,Täysin samaa mieltä,Täysin samaa mieltä,Qual73530196-3004-Finland,1,,,335,10,0.6,1500,FI,anonymous,,,,5iy3zdQJDmeYWd29t8HoFC,37679796,341,9046f1ec-3eab-a077-cf81-0e7332849b75,,,,,,,
2025-01-09 03:16:24,2025-01-09 03:23:10,IP Address,85.76.101.120,100,405,True,2025-01-09 03:23:10,R_2EmFhJxJA4xqExs,,,,,60.2443,24.8763,anonymous,FI,1,,0,0,,35-44,Mies,Helsinki ja Uusimaa,Ylioppilastutkinto,7,3,5,5,4,3,5,9,8,Vain vähän kiinnostunut,Jokseenkin samaa mieltä,Täysin eri mieltä,Jokseenkin samaa mieltä,Jokseenkin samaa mieltä,Jokseenkin samaa mieltä,Jonkin verran huonompaan,Jonkin verran huonompaan,Jonkin verran huonompaan,Pysynyt samana,Pysynyt samana,Pysynyt samana,Pysynyt samana,Jonkin verran parempaan,Pysynyt samana,Pysynyt samana,Jonkin verran huonompaan,Pysynyt samana,4,5,4,4,4,7,4,5,6,7,8,8,9,2,Ei lainkaan lähellä 0,Ei lainkaan lähellä 0,Ei lainkaan lähellä 0,Ei lainkaan lähellä 0,Ei lainkaan lähellä 0,Ei lainkaan lähellä 0,Ei lainkaan lähellä 0,7,5,1,1,4,2,1,1,4,Suomen Sosialidemokraattinen Puolue (SDP),Ei samaa eikä eri mieltä,Jokseenkin samaa mieltä,Jokseenkin samaa mieltä,Ei samaa eikä eri mieltä,Ei samaa eikä eri mieltä,Ei samaa eikä eri mieltä,Ei samaa eikä eri mieltä,Qual73530196-3004-Finland,1,,,405,10,0.6,1500,FI,anonymous,,,,0f0nRtPAM0aaSCDScmO0u4,37679796,341,d03e5d39-ff12-65cf-acf1-ddd6848bf676,,,,,,,
2025-01-09 03:19:20,2025-01-09 03:23:14,IP Address,91.152.124.19,100,234,True,2025-01-09 03:23:15,R_8iy3vNB2fKrtOFj,,,,,61.1343,21.5068,anonymous,FI,1,,0,0,,25-34,Mies,Länsi-Suomi,Ammattitutkinto,4,7,4,4,3,4,7,6,3,Vain vähän kiinnostunut,Jokseenkin samaa mieltä,Jokseenkin eri mieltä,Täysin samaa mieltä,Jokseenkin samaa mieltä,Jokseenkin samaa mieltä,Paljon huonompaan,Paljon huonompaan,Pysynyt samana,Pysynyt samana,Jonkin verran parempaan,Jonkin verran parempaan,Jonkin verran huonompaan,Paljon huonompaan,Paljon huonompaan,Pysynyt samana,Pysynyt samana,Jonkin verran parempaan,7,8,5,6,6,7,9,9,Kehitys johtuu täysin hallituksen politiikasta 10,6,8,8,7,8,4,5,4,3,Ei lainkaan lähellä 0,5,6,7,8,5,5,4,4,En pidä ollenkaan 0,6,7,Perussuomalaiset (PS),Täysin eri mieltä,Jokseenkin eri mieltä,Jokseenkin samaa mieltä,Jokseenkin samaa mieltä,Täysin samaa mieltä,Jokseenkin samaa mieltä,Ei samaa eikä eri mieltä,Qual73530196-3004-Finland,1,,,234,10,0.6,1500,FI,anonymous,,,,6CIfY8lrM63OXEvh1ToMEF,37679796,341,ea0a99d3-6627-b985-e87a-6dd7bac843c7,,,,,,,
2025-01-09 03:17:45,2025-01-09 03:23:36,IP Address,109.240.98.231,100,351,True,2025-01-09 03:23:37,R_8Sp14Qg07VUrbMn,,,,,61.4997,23.8528,anonymous,FI,1,,0,0,,25-34,Nainen,Länsi-Suomi,Ammattitutkinto,4,4,3,3,4,2,5,7,6,Vain vähän kiinnostunut,Ei samaa eikä eri mieltä,Ei samaa eikä eri mieltä,Ei samaa eikä eri mieltä,Täysin samaa mieltä,Ei samaa eikä eri mieltä,Jonkin verran huonompaan,Paljon huonompaan,Jonkin verran huonompaan,Pysynyt samana,En osaa sanoa,En osaa sanoa,Jonkin verran huonompaan,En osaa sanoa,Paljon huonompaan,Pysynyt samana,Pysynyt samana,En osaa sanoa,6,5,5,6,5,5,8,6,Kehitys johtuu täysin hallituksen politiikasta 10,8,6,6,6,6,6,5,3,5,2,9,3,6,6,6,6,5,5,4,9,6,Suomen Kristillisdemokraatit (KD),Jokseenkin eri mieltä,Jokseenkin eri mieltä,Jokseenkin samaa mieltä,Täysin samaa mieltä,Jokseenkin samaa mieltä,Ei samaa eikä eri mieltä,Ei samaa eikä eri mieltä,Qual73530196-3004-Finland,1,,,351,10,0.6,1500,FI,anonymous,,,,4AiraLyL3p8kYzcO5agzyE,37679796,341,dc8a0170-016f-8125-7c07-56602301fae4,,,,,,,
2025-01-09 03:19:09,2025-01-09 03:23:59,IP Address,46.132.68.96,100,289,True,2025-01-09 03:23:59,R_2ylq0xB2hQFsAmW,,,,,61.469,23.7464,anonymous,FI,0.8999999761581421,,0,0,,55+,Mies,Länsi-Suomi,Ylempi opistoaste tai ammattikorkeakoulututkinto,5,5,7,7,7,7,6,7,7,Vain vähän kiinnostunut,Jokseenkin samaa mieltä,Täysin eri mieltä,Täysin samaa mieltä,Täysin samaa mieltä,Täysin samaa mieltä,Jonkin verran huonompaan,Jonkin verran huonompaan,Jonkin verran huonompaan,Jonkin verran huonompaan,Jonkin verran huonompaan,Jonkin verran huonompaan,Jonkin verran huonompaan,Jonkin verran huonompaan,Jonkin verran huonompaan,Jonkin verran huonompaan,Pysynyt samana,Pysynyt samana,4,4,4,4,4,5,4,4,4,4,6,5,Ei lainkaan lähellä 0,Ei lainkaan lähellä 0,Ei lainkaan lähellä 0,Ei lainkaan lähellä 0,9,Ei lainkaan lähellä 0,Ei lainkaan lähellä 0,Ei lainkaan lähellä 0,Ei lainkaan lähellä 0,1,En pidä ollenkaan 0,1,1,8,1,1,1,1,En äänestänyt,Täysin eri mieltä,Täysin samaa mieltä,Jokseenkin samaa mieltä,Ei samaa eikä eri mieltä,Täysin samaa mieltä,Jokseenkin samaa mieltä,Ei samaa eikä eri mieltä,Qual73530196-3004-Finland,1,,,289,10,0.6,1500,FI,anonymous,,,,2siizvsX0s156bNQlQhXuP,37679796,341,9342eaae-99a9-d8df-a6b1-8fdcc2c0a336,,,,,,,
2025-01-09 03:17:38,2025-01-09 03:23:59,IP Address,85.76.39.200,100,381,True,2025-01-09 03:24:00,R_2DJ6zuPPJVI2I0a,,,,,60.1954,24.9074,anonymous,FI,1,,0,0,,45-54,Mies,Etelä-Suomi,Peruskoulu (luokat 1-9),5,5,5,5,6,5,6,8,8,Jonkin verran kiinnostunut,Jokseenkin samaa mieltä,Jokseenkin samaa mieltä,Jokseenkin samaa mieltä,Jokseenkin samaa mieltä,Ei samaa eikä eri mieltä,Jonkin verran huonompaan,Jonkin verran huonompaan,Pysynyt samana,Paljon huonompaan,Pysynyt samana,Jonkin verran parempaan,Paljon huonompaan,Pysynyt samana,Pysynyt samana,Pysynyt samana,Jonkin verran parempaan,Jonkin verran parempaan,5,5,5,5,5,6,3,4,4,4,7,5,5,4,5,5,5,5,4,4,3,5,1,4,5,6,6,4,3,1,En äänestänyt,Ei samaa eikä eri mieltä,Ei samaa eikä eri mieltä,Ei samaa eikä eri mieltä,Ei samaa eikä eri mieltä,Ei samaa eikä eri mieltä,Ei samaa eikä eri mieltä,Ei samaa eikä eri mieltä,Qual73530196-3004-Finland,1,,,381,10,0.6,1500,FI,anonymous,,,,6vpLvUZM9y35Iw5w8kHgi2,37679796,341,17c42d1f-02f7-cb55-5026-340e0977ccde,,,,,,,
2025-01-09 03:21:52,2025-01-09 03:24:11,IP Address,85.76.145.137,100,139,True,2025-01-09 03:24:12,R_269EUe6nCoL3Kgu,,,,,60.2289,24.8964,anonymous,FI,1,,0,0,,35-44,Nainen,Länsi-Suomi,Ammattitutkinto,6,6,7,8,7,7,7,5,6,Jonkin verran kiinnostunut,Ei samaa eikä eri mieltä,Ei samaa eikä eri mieltä,Ei samaa eikä eri mieltä,Ei samaa eikä eri mieltä,Ei samaa eikä eri mieltä,Pysynyt samana,Pysynyt samana,Pysynyt samana,Pysynyt samana,Pysynyt samana,Pysynyt samana,Pysynyt samana,Pysynyt samana,Pysynyt samana,Pysynyt samana,Pysynyt samana,Pysynyt samana,5,6,6,7,7,6,6,7,8,7,7,6,5,6,5,5,5,5,5,5,5,6,6,7,6,6,5,4,5,6,En äänestänyt,Ei samaa eikä eri mieltä,Ei samaa eikä eri mieltä,Ei samaa eikä eri mieltä,Ei samaa eikä eri mieltä,Ei samaa eikä eri mieltä,Ei samaa eikä eri mieltä,Ei samaa eikä eri mieltä,Qual73530196-3004-Finland,1,,,139,10,0.6,1500,FI,anonymous,,,,1NrBTqZtZnRo1cnuAd14Qp,37679796,341,e2d2dd33-d051-2cf6-acfa-6aa24a1a79fc,,,,on,D_API,,XXX
2025-01-09 03:21:33,2025-01-09 03:24:27,IP Address,85.76.87.121,100,174,True,2025-01-09 03:24:28,R_2pa6lblAxE6aLJo,,,,,60.2289,24.8964,anonymous,FI,0.8999999761581421,,0,0,,45-54,Nainen,Länsi-Suomi,Ammattitutkinto,8,7,6,Luotan täysin 10,6,6,6,8,7,Hyvin kiinnostunut,En osaa sanoa,Täysin samaa mieltä,Täysin samaa mieltä,Jokseenkin samaa mieltä,Jokseenkin eri mieltä,Jonkin verran parempaan,Jonkin verran huonompaan,Jonkin verran huonompaan,Pysynyt samana,Pysynyt samana,Jonkin verran huonompaan,Paljon huonompaan,Jonkin verran huonompaan,Jonkin verran huonompaan,Jonkin verran parempaan,Jonkin verran parempaan,Pysynyt samana,4,2,1,4,5,5,4,3,4,6,6,5,7,6,4,4,3,1,Ei lainkaan lähellä 0,3,6,5,4,3,4,4,2,2,2,9,Suomen Keskusta (KESK),Täysin samaa mieltä,Jokseenkin samaa mieltä,Jokseenkin eri mieltä,Täysin eri mieltä,Ei samaa eikä eri mieltä,Jokseenkin samaa mieltä,Täysin eri mieltä,Qual73530196-3004-Finland,1,,,174,10,0.6,1500,FI,anonymous,,,,2mW2WrQNrM7vWXxuuDaOjo,37679796,341,d9632d92-ea49-9990-d314-1b615e6d1a32,,,,on,D_API,,XXX
2025-01-09 03:19:23,2025-01-09 03:24:41,IP Address,37.33.192.12,100,317,True,2025-01-09 03:24:50,R_2BaGiG5cUnbAoXT,,,,,60.1797,24.9344,anonymous,FI,0.5,,0,0,,35-44,Nainen,Länsi-Suomi,Ammattitutkinto,5,5,8,8,8,6,7,8,8,En lainkaan kiinnostunut,Jokseenkin samaa mieltä,Jokseenkin samaa mieltä,Jokseenkin samaa mieltä,Jokseenkin samaa mieltä,Täysin samaa mieltä,Pysynyt samana,Pysynyt samana,Pysynyt samana,Pysynyt samana,Pysynyt samana,Pysynyt samana,Paljon huonompaan,Pysynyt samana,Jonkin verran huonompaan,Pysynyt samana,Jonkin verran huonompaan,Jonkin verran huonompaan,8,9,8,9,9,9,9,6,8,8,9,8,En osaa sanoa,En osaa sanoa,En osaa sanoa,En osaa sanoa,En osaa sanoa,En osaa sanoa,En osaa sanoa,En osaa sanoa,En osaa sanoa,5,En osaa sanoa,En osaa sanoa,5,5,En osaa sanoa,En osaa sanoa,En osaa sanoa,En osaa sanoa,En äänestänyt,Ei samaa eikä eri mieltä,En osaa sanoa,Ei samaa eikä eri mieltä,En osaa sanoa,En osaa sanoa,Ei samaa eikä eri mieltä,Täysin samaa mieltä,Qual73530196-3004-Finland,1,,,317,10,0.6,1500,FI,anonymous,,,,5KdZKrCVz9kNGzsEtsZQIc,37679796,341,9d699144-2295-3eca-8841-2acb6bf3e712,,,,,,,
